shops,group
אתר נופשונית,מבצע פסח - 20% הנחה
פוקס הום אונליין,מבצע פסח - 20% הנחה
נאוטיקה הום אונליין,מבצע פסח - 20% הנחה
אייץ אנד או אונליין ,מבצע פסח - 20% הנחה
מגה ספורט אונליין ,מבצע פסח - 20% הנחה
דיל תאורה אונליין ,מבצע פסח - 20% הנחה
אונליין ONE PROJECT,מבצע פסח - 20% הנחה
מוזה קוקטיילים אונליין ,מבצע פסח - 20% הנחה
GA-DE ONLINE,מבצע פסח - 20% הנחה
קרטרס אונליין,מבצע פסח - 20% הנחה
מיננה אונליין,מבצע פסח - 20% הנחה
קרליין אונליין ,מבצע פסח - 20% הנחה
נינו אונליין,מבצע פסח - 20% הנחה
שר ספא אונליין,מבצע פסח - 20% הנחה
Lenovo Online Shop,מבצע פסח - 20% הנחה
אהבה קטנה אונליין,מבצע פסח - 20% הנחה
פיקניק אונליין,מבצע פסח - 20% הנחה
ATIA,מבצע פסח - 20% הנחה
אונליין YOOZ ,מבצע פסח - 20% הנחה
פוקס ויזל אונליין,מבצע פסח - 20% הנחה
קרביץ אונליין,מבצע פסח - 20% הנחה
פוט לוקר אונליין ,מבצע פסח - 20% הנחה
שילב אונליין,מבצע פסח - 20% הנחה
The beauty intelligence online,מבצע פסח - 20% הנחה
ללין אונליין ,מבצע פסח - 20% הנחה
אונליין ESTHER  ,מבצע פסח - 20% הנחה
מינוס 417 אונליין,מבצע פסח - 20% הנחה
אונליין BEENY,מבצע פסח - 20% הנחה
Noam living,מבצע פסח - 20% הנחה
אונליין DISKISS ,מבצע פסח - 20% הנחה
אלקטרה זכיין אדידס,מבצע פסח - 20% הנחה
"פוקס ויזל בע\מ""",מבצע פסח - 20% הנחה
אמריקן איגל,מבצע פסח - 20% הנחה
דונה ויקטוריה,מבצע פסח - 20% הנחה
מנגו,מבצע פסח - 20% הנחה
ללין,מבצע פסח - 20% הנחה
קרייזי ליין,מבצע פסח - 20% הנחה
סבון ,מבצע פסח - 20% הנחה
בילבונג,מבצע פסח - 20% הנחה
אייץ אנד או,מבצע פסח - 20% הנחה
גולף,מבצע פסח - 20% הנחה
מגה ספורט,מבצע פסח - 20% הנחה
פולגת,מבצע פסח - 20% הנחה
אינטימה,מבצע פסח - 20% הנחה
גולף קידס אנד בייבי,מבצע פסח - 20% הנחה
ניו ,מבצע פסח - 20% הנחה
ריפליי,מבצע פסח - 20% הנחה
סאקוני,מבצע פסח - 20% הנחה
דה צילדרנס פלייס - (TCP),מבצע פסח - 20% הנחה
איזי ספיריט,מבצע פסח - 20% הנחה
גלי,מבצע פסח - 20% הנחה
כל נעל סנטר,מבצע פסח - 20% הנחה
לי קופר,מבצע פסח - 20% הנחה
ניין ווסט,מבצע פסח - 20% הנחה
סולוג,מבצע פסח - 20% הנחה
אוריג'ינלס,מבצע פסח - 20% הנחה
אופטיקנה,מבצע פסח - 20% הנחה
ריקושט,מבצע פסח - 20% הנחה
אפרודיטה,מבצע פסח - 20% הנחה
קרטרס,מבצע פסח - 20% הנחה
פפאיה,מבצע פסח - 20% הנחה
אמפוריום סקאל,מבצע פסח - 20% הנחה
טימברלנד,מבצע פסח - 20% הנחה
פולו - ראלף לורן,מבצע פסח - 20% הנחה
SBN נאוטיקה,מבצע פסח - 20% הנחה
ליוויס,מבצע פסח - 20% הנחה
ארמני אקסצ'יינג,מבצע פסח - 20% הנחה
פול אנד שארק,מבצע פסח - 20% הנחה
מייקל קורס,מבצע פסח - 20% הנחה
דיזל,מבצע פסח - 20% הנחה
טומי הילפיגר,מבצע פסח - 20% הנחה
ארמאני ג'ינס,מבצע פסח - 20% הנחה
סקצ'רס,מבצע פסח - 20% הנחה
אלדו,מבצע פסח - 20% הנחה
בוניטה דה מאס,מבצע פסח - 20% הנחה
ג'אמפ & עונות,מבצע פסח - 20% הנחה
שואו אוף,מבצע פסח - 20% הנחה
"נמרוד ייצור (1979) בע\מ """,מבצע פסח - 20% הנחה
יאנגה,מבצע פסח - 20% הנחה
תכשיק,מבצע פסח - 20% הנחה
אייס קיוב,מבצע פסח - 20% הנחה
פוט לוקר,מבצע פסח - 20% הנחה
בודי שופ,מבצע פסח - 20% הנחה
CK קלווין קליין ׁ,מבצע פסח - 20% הנחה
פקטורי 54,מבצע פסח - 20% הנחה
אמפוריו ארמני,מבצע פסח - 20% הנחה
סטיב מאדן ס.מ הפצה ישראל,מבצע פסח - 20% הנחה
שילב,מבצע פסח - 20% הנחה
אסיקס,מבצע פסח - 20% הנחה
פמינה,מבצע פסח - 20% הנחה
בוס,מבצע פסח - 20% הנחה
לי קופר קידס,מבצע פסח - 20% הנחה
לחייל ולטייל ,מבצע פסח - 20% הנחה
SBN אמפוריום ,מבצע פסח - 20% הנחה
נאוטיקה סקאל,מבצע פסח - 20% הנחה
ג'ק קובה ,מבצע פסח - 20% הנחה
ספידו,מבצע פסח - 20% הנחה
שוסטר ,מבצע פסח - 20% הנחה
לסטר,מבצע פסח - 20% הנחה
קולומביה,מבצע פסח - 20% הנחה
אאוטסיידרס,מבצע פסח - 20% הנחה
שבילים,מבצע פסח - 20% הנחה
אליסיום,מבצע פסח - 20% הנחה
פטיט באטו,מבצע פסח - 20% הנחה
פומה ,מבצע פסח - 20% הנחה
מגה ספורט קידס,מבצע פסח - 20% הנחה
א.א אורטופדיה,מבצע פסח - 20% הנחה
גס,מבצע פסח - 20% הנחה
נאטורפיל,מבצע פסח - 20% הנחה
לבידו ,מבצע פסח - 20% הנחה
איל מקיאג,מבצע פסח - 20% הנחה
בייביסטאר,מבצע פסח - 20% הנחה
ג'י קונספט סטור,מבצע פסח - 20% הנחה
דונה קארן,מבצע פסח - 20% הנחה
סם אדלמן,מבצע פסח - 20% הנחה
"סאן גלאס ישראל בע\מ""",מבצע פסח - 20% הנחה
XRAY,מבצע פסח - 20% הנחה
רובי ביי,מבצע פסח - 20% הנחה
וורקר,מבצע פסח - 20% הנחה
ברוקס,מבצע פסח - 20% הנחה
עגליס,מבצע פסח - 20% הנחה
וילברקווין,מבצע פסח - 20% הנחה
קונברס,מבצע פסח - 20% הנחה
בי יוניק,מבצע פסח - 20% הנחה
ריפ קארל,מבצע פסח - 20% הנחה
אירוקה ביי סופר פארם,מבצע פסח - 20% הנחה
אהבה,מבצע פסח - 20% הנחה
אבידור המרכז הבריאותי לכף הרגל,מבצע פסח - 20% הנחה
אנדר ארמור,מבצע פסח - 20% הנחה
בירקנשטוק,מבצע פסח - 20% הנחה
פלטין מותגים,מבצע פסח - 20% הנחה
בוגארט,מבצע פסח - 20% הנחה
נאווה קולאז,מבצע פסח - 20% הנחה
אדידס ישראל,מבצע פסח - 20% הנחה
את לבני נשים,מבצע פסח - 20% הנחה
רשת פרופורציה,מבצע פסח - 20% הנחה
אונליין DISKISS ,מבצע פסח - 20% הנחה
ורדינון,מבצע פסח - 20% הנחה
סולתם ,מבצע פסח - 20% הנחה
המשביר לצרכן,מבצע פסח - 20% הנחה
הום סנטר,מבצע פסח - 20% הנחה
פוקס הום,מבצע פסח - 20% הנחה
שקם אלקטריק,מבצע פסח - 20% הנחה
נעמן,מבצע פסח - 20% הנחה
טויס אר אס,מבצע פסח - 20% הנחה
גולף אנד קו,מבצע פסח - 20% הנחה
כיתן,מבצע פסח - 20% הנחה
גוד נייט,מבצע פסח - 20% הנחה
עמינח,מבצע פסח - 20% הנחה
סטימצקי,מבצע פסח - 20% הנחה
צומת ספרים,מבצע פסח - 20% הנחה
זר פור יו,מבצע פסח - 20% הנחה
טרקלין חשמל ,מבצע פסח - 20% הנחה
מילניום מרקטינג ארקוסטיל קיצ'ן,מבצע פסח - 20% הנחה
BFL (פוד אפיל),מבצע פסח - 20% הנחה
קלאסיקה,מבצע פסח - 20% הנחה
ספייסז,מבצע פסח - 20% הנחה
"מכלול ברמן בקמפוס בע\מ """,מבצע פסח - 20% הנחה
ואהבת ,מבצע פסח - 20% הנחה
אמריקן קומפורט,מבצע פסח - 20% הנחה
הום סטייל,מבצע פסח - 20% הנחה
קרביץ,מבצע פסח - 20% הנחה
מוצצים,מבצע פסח - 20% הנחה
יולו,מבצע פסח - 20% הנחה
פליינג טייגר,מבצע פסח - 20% הנחה
ג'ונגל חיות מחמד ,מבצע פסח - 20% הנחה
לבן,מבצע פסח - 20% הנחה
נאוטיקה הום,מבצע פסח - 20% הנחה
דיל תאורה,מבצע פסח - 20% הנחה
צמר שטיחים יפים,מבצע פסח - 20% הנחה
ערד טקסטיל,מבצע פסח - 20% הנחה
המטבח,מבצע פסח - 20% הנחה
גל אור,מבצע פסח - 20% הנחה
קפה גרג,מבצע פסח - 20% הנחה
קפה קפה,מבצע פסח - 20% הנחה
לחם ארז,מבצע פסח - 20% הנחה
קפה נטו ,מבצע פסח - 20% הנחה
פיצה עגבנייה ,מבצע פסח - 20% הנחה
אנרג'וסר,מבצע פסח - 20% הנחה
ריבר נודלס בר,מבצע פסח - 20% הנחה
רנה ביסטרו בר קפה  ,מבצע פסח - 20% הנחה
אצה סושי בר ,מבצע פסח - 20% הנחה
קפה נמרוד - אגמון מרקט,מבצע פסח - 20% הנחה
גאפן גאפן,מבצע פסח - 20% הנחה
פאב 55 בירה אוכל ובירה,מבצע פסח - 20% הנחה
בלאק,מבצע פסח - 20% הנחה
בן & ג'ריס,מבצע פסח - 20% הנחה
ביגה כפר סבא,מבצע פסח - 20% הנחה
Villa Mare TLV מסעדת ,מבצע פסח - 20% הנחה
שפרה - מעדנייה מבית פועה,מבצע פסח - 20% הנחה
יוגורטה,מבצע פסח - 20% הנחה
freefit,מבצע פסח - 20% הנחה
ספורטר,מבצע פסח - 20% הנחה
קאנטרי 360,מבצע פסח - 20% הנחה
הולמס פלייס,מבצע פסח - 20% הנחה
רבו פיטנס ,מבצע פסח - 20% הנחה
מרכז ספורט מכבים,מבצע פסח - 20% הנחה
סטודיו אווה,מבצע פסח - 20% הנחה
אביטליטי,מבצע פסח - 20% הנחה
מרכז התזונה של מירי חדד,מבצע פסח - 20% הנחה
אורנג תיאורי,מבצע פסח - 20% הנחה
ארה פיטנס,מבצע פסח - 20% הנחה
אקסטרה ג'ים ,מבצע פסח - 20% הנחה
ML FITNESS,מבצע פסח - 20% הנחה
תבל פילאטיס,מבצע פסח - 20% הנחה
האקדמיה של פליקס,מבצע פסח - 20% הנחה
דרים ג'ים,מבצע פסח - 20% הנחה
כפר המכביה,מבצע פסח - 20% הנחה
רשת הקאנטרי,מבצע פסח - 20% הנחה
קיפצובה,מבצע פסח - 20% הנחה
מיני ישראל,מבצע פסח - 20% הנחה
היכל הקרח חולון,מבצע פסח - 20% הנחה
אקווה ספורט,מבצע פסח - 20% הנחה
ijump,מבצע פסח - 20% הנחה
שביל התפוזים,מבצע פסח - 20% הנחה
דרך העץ,מבצע פסח - 20% הנחה
אסקייפרום,מבצע פסח - 20% הנחה
חוף קיסוסקי,מבצע פסח - 20% הנחה
היכל הקרח באר שבע ,מבצע פסח - 20% הנחה
חמת גדר,מבצע פסח - 20% הנחה
גן גורו,מבצע פסח - 20% הנחה
לייזר סיטי גלילות,מבצע פסח - 20% הנחה
"אסקייפלנד בע\מ""",מבצע פסח - 20% הנחה
קייקי הגושרים,מבצע פסח - 20% הנחה
פארק המעיינות,מבצע פסח - 20% הנחה
רפטינג נהר הירדן,מבצע פסח - 20% הנחה
אקסטרים ספורט ימי,מבצע פסח - 20% הנחה
גל במדבר,מבצע פסח - 20% הנחה
חלום עולמי ,מבצע פסח - 20% הנחה
בר בהר,מבצע פסח - 20% הנחה
רשות הטבע והגנים,מבצע פסח - 20% הנחה
קייקי כפר בלום,מבצע פסח - 20% הנחה
סמארטור - סגווי ירושלים,מבצע פסח - 20% הנחה
2JUMP,מבצע פסח - 20% הנחה
ישראל טו גו,מבצע פסח - 20% הנחה
מטווח באנג,מבצע פסח - 20% הנחה
רייז אפ,מבצע פסח - 20% הנחה
מצנחי הים האדום,מבצע פסח - 20% הנחה
גלאקסיה ספינת זכוכית,מבצע פסח - 20% הנחה
טרק ים אכזיב,מבצע פסח - 20% הנחה
הצנחניה,מבצע פסח - 20% הנחה
GO JUMP,מבצע פסח - 20% הנחה
פארק תמנע,מבצע פסח - 20% הנחה
חי פארק קרית מוצקין,מבצע פסח - 20% הנחה
ישראל ים,מבצע פסח - 20% הנחה
קיר יואב,מבצע פסח - 20% הנחה
אקסטרים פארק אתגרי,מבצע פסח - 20% הנחה
די גייד,מבצע פסח - 20% הנחה
טייפון הרחפת ,מבצע פסח - 20% הנחה
מיי נינג'ה מודיעין,מבצע פסח - 20% הנחה
תיירות הרובע היהודי,מבצע פסח - 20% הנחה
פיק אפ סרף - עמותת אל הים,מבצע פסח - 20% הנחה
רואים את האופק בים ,מבצע פסח - 20% הנחה
Imracing,מבצע פסח - 20% הנחה
סייל אילת ,מבצע פסח - 20% הנחה
מיסטיק רום ,מבצע פסח - 20% הנחה
"כדור פורח ת\א""",מבצע פסח - 20% הנחה
רוג'ום מועדון טיפוס וטבע,מבצע פסח - 20% הנחה
play park פליי פארק חריש - לא פעיל ,מבצע פסח - 20% הנחה
play park פליי פארק רעננה - לא פעיל ,מבצע פסח - 20% הנחה
play park פליי פארק יבנה - לא פעיל,מבצע פסח - 20% הנחה
אגם מונפורט ,מבצע פסח - 20% הנחה
דביר מצנחי רחיפה ,מבצע פסח - 20% הנחה
אלכימיה סטודיו,מבצע פסח - 20% הנחה
אאוריקה עיצובים,מבצע פסח - 20% הנחה
Asim סימולטור ,מבצע פסח - 20% הנחה
ראלי ארט,מבצע פסח - 20% הנחה
הגן הבוטני אילת,מבצע פסח - 20% הנחה
דן קרטינג,מבצע פסח - 20% הנחה
טרקטורוני הצפון,מבצע פסח - 20% הנחה
סול טורס אילת,מבצע פסח - 20% הנחה
פאנקי מאנקי ראשון לציון ,מבצע פסח - 20% הנחה
פאנקי מאנקי כפר סבא ,מבצע פסח - 20% הנחה
פאנקי מאנקי זכרון יעקב ,מבצע פסח - 20% הנחה
פאנקי מאנקי אשקלון  ,מבצע פסח - 20% הנחה
פאנקי מאנקי כפר יונה  ,מבצע פסח - 20% הנחה
אומנות על הבר,מבצע פסח - 20% הנחה
הכוורת מרכז מבקרים,מבצע פסח - 20% הנחה
טרקטורוני דישון,מבצע פסח - 20% הנחה
תיירות יד מרדכי,מבצע פסח - 20% הנחה
אוראל אלבז - סטודיו פרדס רימונים,מבצע פסח - 20% הנחה
פול גיימס,מבצע פסח - 20% הנחה
מרכז קנדה,מבצע פסח - 20% הנחה
חוף חנניה,מבצע פסח - 20% הנחה
לייזר סטריט,מבצע פסח - 20% הנחה
פארק אתגרים אשדוד,מבצע פסח - 20% הנחה
בי תל אביב טורס,מבצע פסח - 20% הנחה
אקסטרים ים נהריה,מבצע פסח - 20% הנחה
אתגר בהר,מבצע פסח - 20% הנחה
משחקיית נוגילולה,מבצע פסח - 20% הנחה
מכוורת איילת השחר,מבצע פסח - 20% הנחה
PicCell,מבצע פסח - 20% הנחה
גלית ניניו,מבצע פסח - 20% הנחה
סאנשיין גרופ,מבצע פסח - 20% הנחה
אלנתן תכשיטים סדנת צורפות,מבצע פסח - 20% הנחה
שחמט ישראל,מבצע פסח - 20% הנחה
ילדי הפלא,מבצע פסח - 20% הנחה
Carmelx,מבצע פסח - 20% הנחה
בסנדלים,מבצע פסח - 20% הנחה
סקיי טרק ,מבצע פסח - 20% הנחה
טננה קורס ספרדית דיגיטלי,מבצע פסח - 20% הנחה
אקווה פאן אילת,מבצע פסח - 20% הנחה
יאכטה שונית אילת,מבצע פסח - 20% הנחה
אנליזה,מבצע פסח - 20% הנחה
ווי סרף ,מבצע פסח - 20% הנחה
משה סימן טוב שנות הקסם,מבצע פסח - 20% הנחה
סינמטק ירושלים,מבצע פסח - 20% הנחה
פיק אפ מומנט,מבצע פסח - 20% הנחה
קווסטליין,מבצע פסח - 20% הנחה
איזי ריידר TLV,מבצע פסח - 20% הנחה
סטאר קאר,מבצע פסח - 20% הנחה
ספורט ימי אילת - Watersport ,מבצע פסח - 20% הנחה
הזקן והיין,מבצע פסח - 20% הנחה
מטאור תצפית כוכבים,מבצע פסח - 20% הנחה
קאנטרי נוף הגליל,מבצע פסח - 20% הנחה
המתחם נוף הגליל,מבצע פסח - 20% הנחה
נינג'ה אקסטרים,מבצע פסח - 20% הנחה
D-TLV,מבצע פסח - 20% הנחה
Eilat desert tours,מבצע פסח - 20% הנחה
טיקטיק חבילות ספורט והופעות,מבצע פסח - 20% הנחה
MY FLY ISRAEL,מבצע פסח - 20% הנחה
באמפ קאר אילת,מבצע פסח - 20% הנחה
play game פליי גיים ,מבצע פסח - 20% הנחה
נינג'ה סטאר הוד השרון,מבצע פסח - 20% הנחה
יאכטה המפלט,מבצע פסח - 20% הנחה
נגרות בוטיק Ofek woodi ,מבצע פסח - 20% הנחה
דזרט פרו,מבצע פסח - 20% הנחה
חוות לב הטבע,מבצע פסח - 20% הנחה
מוטורמאניה,מבצע פסח - 20% הנחה
המפלט הזוגי ,מבצע פסח - 20% הנחה
"טריפי ב\ש""",מבצע פסח - 20% הנחה
גן החיות הלימודי חיפה ,מבצע פסח - 20% הנחה
גרין אקסטרים אילת,מבצע פסח - 20% הנחה
אסקייפ פלייס,מבצע פסח - 20% הנחה
רייזר קלאב על הנחל,מבצע פסח - 20% הנחה
בריכת קרית אונו,מבצע פסח - 20% הנחה
בבילון אונליין,מבצע פסח - 20% הנחה
ארטפוד,מבצע פסח - 20% הנחה
רווה קולינריה נוזלית,מבצע פסח - 20% הנחה
לייזר סיטי פתח תקווה,מבצע פסח - 20% הנחה
החצר המוסיקלית - כינורות,מבצע פסח - 20% הנחה
נופים בלבן - כינורות,מבצע פסח - 20% הנחה
ארבל בתי קיט - כינורות,מבצע פסח - 20% הנחה
נפלאות הגליל - כינורות,מבצע פסח - 20% הנחה
שחור לבן - כינורות,מבצע פסח - 20% הנחה
בקתות מאיה - כינורות,מבצע פסח - 20% הנחה
מול נוף - כינורות ,מבצע פסח - 20% הנחה
לה פאצה צימר - כינורות,מבצע פסח - 20% הנחה
אחוזת כינורות,מבצע פסח - 20% הנחה
אצולת אבן חן - כינורות,מבצע פסח - 20% הנחה
הבקתה הגלילית - כינורות,מבצע פסח - 20% הנחה
אצולה בגולן - כינורות ,מבצע פסח - 20% הנחה
בקתה בגולן - כינורות ,מבצע פסח - 20% הנחה
פרדייס ריזורט - כינורות,מבצע פסח - 20% הנחה
נפלאות הגולן - כינורות,מבצע פסח - 20% הנחה
סייסטה ברמות - כינורות,מבצע פסח - 20% הנחה
אחוזת הוואי - כינורות,מבצע פסח - 20% הנחה
סוויטות דה בלנקה - כינורות,מבצע פסח - 20% הנחה
צימר בגבעה - כינורות ,מבצע פסח - 20% הנחה
בקתות ספיר - כינורות ,מבצע פסח - 20% הנחה
אצולת כנרת - כינורות,מבצע פסח - 20% הנחה
קוצ'ה בכפר,מבצע פסח - 20% הנחה
בקתות אלאדין,מבצע פסח - 20% הנחה
פרימה המלכים,מבצע פסח - 20% הנחה
פרימה רויאל,מבצע פסח - 20% הנחה
פרימה פאלאס,מבצע פסח - 20% הנחה
פרימה פארק,מבצע פסח - 20% הנחה
פרימה תל אביב,מבצע פסח - 20% הנחה
פרימה גליל,מבצע פסח - 20% הנחה
פרימה מיוזיק,מבצע פסח - 20% הנחה
פרימה סיטי,מבצע פסח - 20% הנחה
פרימה הוטל 75,מבצע פסח - 20% הנחה
פרימה דייויד טאוור,מבצע פסח - 20% הנחה
פרימה ורה,מבצע פסח - 20% הנחה
פרימה מנדלי,מבצע פסח - 20% הנחה
פרימה לינק,מבצע פסח - 20% הנחה
פרימה מילניום,מבצע פסח - 20% הנחה
פרימה ג'יקוב סמואל,מבצע פסח - 20% הנחה
פרימה אואזיס+ספא קלאב,מבצע פסח - 20% הנחה
מלון קסייה ,מבצע פסח - 20% הנחה
מלון נווה שלום,מבצע פסח - 20% הנחה
חמי געש,מבצע פסח - 20% הנחה
שרנא - דיימונד ספא,מבצע פסח - 20% הנחה
זאוס - דיימונד ספא,מבצע פסח - 20% הנחה
ספא בן עמי,מבצע פסח - 20% הנחה
ספא אסיינדה ביער,מבצע פסח - 20% הנחה
ספא לה ויטה ,מבצע פסח - 20% הנחה
מילה ספא,מבצע פסח - 20% הנחה
אמרלד ספא,מבצע פסח - 20% הנחה
ספא פנינה בכרמל ,מבצע פסח - 20% הנחה
ספא נקרות,מבצע פסח - 20% הנחה
הולמס פלייס ספא - עזריאלי,מבצע פסח - 20% הנחה
ספא ויה מאריס,מבצע פסח - 20% הנחה
פיזיום,מבצע פסח - 20% הנחה
הולמס פלייס ספא - מודיעין,מבצע פסח - 20% הנחה
הולמס פלייס ספא - רחובות,מבצע פסח - 20% הנחה
"הולמס פלייס ספא - ראשל\צ""",מבצע פסח - 20% הנחה
הולמס פלייס ספא - גרנד קניון,מבצע פסח - 20% הנחה
הולמס פלייס ספא - רעננה,מבצע פסח - 20% הנחה
הולמס פלייס ספא - גבעת שמואל,מבצע פסח - 20% הנחה
ספא אלוויט,מבצע פסח - 20% הנחה
ספא מלון אירופה ,מבצע פסח - 20% הנחה
 ספא מלון לאונרדו קלאב ים המלח ,מבצע פסח - 20% הנחה
 ספא מלון הרודס ים המלח ,מבצע פסח - 20% הנחה
ספא מלון לאונרדו פלאזה ים המלח ,מבצע פסח - 20% הנחה
צאנג מאי ספא,מבצע פסח - 20% הנחה
דרים ספא,מבצע פסח - 20% הנחה
ספא טומקו ג'פניס,מבצע פסח - 20% הנחה
ספא מלון לאונרדו ירושלים,מבצע פסח - 20% הנחה
ספא לגוף ולנשמה,מבצע פסח - 20% הנחה
ספא פלמינגו ,מבצע פסח - 20% הנחה
ספא מלון דן פנורמה ירושלים,מבצע פסח - 20% הנחה
ספא מלון דן אכדיה,מבצע פסח - 20% הנחה
The spa דיוויד אינטרקונטיננטל,מבצע פסח - 20% הנחה
JA SPA דן קיסריה ריזורט,מבצע פסח - 20% הנחה
ספא בוטיק גלי כינרת,מבצע פסח - 20% הנחה
ווסט אנד ספא מלון ווסט אשדוד,מבצע פסח - 20% הנחה
Okoa spa ספא מלון קמפינסקי,מבצע פסח - 20% הנחה
JA SPA דן אילת,מבצע פסח - 20% הנחה
JA SPA מלון דן פנורמה אילת,מבצע פסח - 20% הנחה
ספא מלון גולדן קראון נצרת,מבצע פסח - 20% הנחה
ספא מלון ניאה ,מבצע פסח - 20% הנחה
שר ספא יו קורל ביץ אילת,מבצע פסח - 20% הנחה
שר ספא הרודס הרצליה,מבצע פסח - 20% הנחה
"שר ספא הרודס ת\א""",מבצע פסח - 20% הנחה
"שר ספא לאונרדו ארט ת\א""",מבצע פסח - 20% הנחה
שר ספא ניקס הרצליה,מבצע פסח - 20% הנחה
שר ספא מג'יק גארדן נשר,מבצע פסח - 20% הנחה
שר ספא דיויד ים המלח  ,מבצע פסח - 20% הנחה
מנטרה ספא,מבצע פסח - 20% הנחה
ארמאנני ספא,מבצע פסח - 20% הנחה
ספא לאונרדו פלאזה ברניקי,מבצע פסח - 20% הנחה
דריה ספא מלון נבל דוד רמדה נתניה,מבצע פסח - 20% הנחה
ספא מלון דבורה רשת בראון,מבצע פסח - 20% הנחה
ספא לאונרדו קלאב טבריה ,מבצע פסח - 20% הנחה
ספא מלון לאונרדו פלאזה ירושלים,מבצע פסח - 20% הנחה
ספא מלון ורט לגון נתניה,מבצע פסח - 20% הנחה
ריביירה ספא,מבצע פסח - 20% הנחה
ספא מלון איילנד,מבצע פסח - 20% הנחה
ספא מוריה מלון פרימה רויאל ירושלים,מבצע פסח - 20% הנחה
ספא מלון חמת קיסר,מבצע פסח - 20% הנחה
אופולסקי ספא,מבצע פסח - 20% הנחה
וילה בוטיק  לאו ספא,מבצע פסח - 20% הנחה
דרים איילנד,מבצע פסח - 20% הנחה
ספא האלמנט החמישי מלון ורט ירושלים,מבצע פסח - 20% הנחה
ספא בראון ביץ' האוס,מבצע פסח - 20% הנחה
ספא מלון בובו,מבצע פסח - 20% הנחה
ספא מלון לייטהאוס,מבצע פסח - 20% הנחה
ספא מלון וילה בראון המושבה,מבצע פסח - 20% הנחה
ספא מלון וילה בראון ירושלים,מבצע פסח - 20% הנחה
ממילא JLM ספא ,מבצע פסח - 20% הנחה
ספא פיורינה מלון הגושרים,מבצע פסח - 20% הנחה
ספא וילה ויטראז,מבצע פסח - 20% הנחה
ספא מלון רוקסון אורבן,מבצע פסח - 20% הנחה
ספא ויה לומה מלון דן תל אביב,מבצע פסח - 20% הנחה
שר ספא מלון תמרה אשקלון,מבצע פסח - 20% הנחה
ספא יסמין מלון רמדה נצרת,מבצע פסח - 20% הנחה
הלו ספא - מלון סי לייף נהריה,מבצע פסח - 20% הנחה
גליה ברוך קוסמטיקה,מבצע פסח - 20% הנחה
ספא סינרגיה,מבצע פסח - 20% הנחה
ימה ספא ,מבצע פסח - 20% הנחה
קאלמה ספא,מבצע פסח - 20% הנחה
הבריאות שבפינוק,מבצע פסח - 20% הנחה
ספא מלון ברדיצ'בסקי,מבצע פסח - 20% הנחה
ספא הוריזון ,מבצע פסח - 20% הנחה
שיר קוסמטיקס,מבצע פסח - 20% הנחה
ספא סוליי אילת ,מבצע פסח - 20% הנחה
אייס גורו,מבצע פסח - 20% הנחה
ספא ספורטלי,מבצע פסח - 20% הנחה
אלמונד ספא,מבצע פסח - 20% הנחה
ביוטי טיים,מבצע פסח - 20% הנחה
ספא מלון יו בוטיק כנרת,מבצע פסח - 20% הנחה
ספא מלון מאייר,מבצע פסח - 20% הנחה
ספא מלון הרודס ויטאליס אילת,מבצע פסח - 20% הנחה
ספא אסמבלאז,מבצע פסח - 20% הנחה
דריה ספא מלון נבל דוד גליל ריזורט,מבצע פסח - 20% הנחה
ספא מלון בוטניקה,מבצע פסח - 20% הנחה
 דלל קוסמטיקס,מבצע פסח - 20% הנחה
ספא בראון רד סי אילת,מבצע פסח - 20% הנחה
ספא בראון אילת ,מבצע פסח - 20% הנחה
אנג'ל ספא מלון קיסר,מבצע פסח - 20% הנחה
אנג'ל ספא מלון אמריקנה,מבצע פסח - 20% הנחה
ג'אסט בי,מבצע פסח - 20% הנחה
טיליה קליניק צפון,מבצע פסח - 20% הנחה
דרים פילאטיס,מבצע פסח - 20% הנחה
Dream Well,מבצע פסח - 20% הנחה
אחוזת הספא רחובות,מבצע פסח - 20% הנחה
ספא מלון לאונרדו נגב באר שבע,מבצע פסח - 20% הנחה
ספא שייה,מבצע פסח - 20% הנחה
ספא קלרינס,מבצע פסח - 20% הנחה
ספא חוף הכרמל,מבצע פסח - 20% הנחה
ספא לוטוס מלון מעלה החמישה,מבצע פסח - 20% הנחה
ספא רויאל,מבצע פסח - 20% הנחה
ספא מיראבל פלאזה,מבצע פסח - 20% הנחה
מדיקל ספא סנטר,מבצע פסח - 20% הנחה
וי קי קליניק,מבצע פסח - 20% הנחה
איש הענבים,מבצע פסח - 20% הנחה
מבשלים חוויה ,מבצע פסח - 20% הנחה
יקב גוש עציון ,מבצע פסח - 20% הנחה
יקב דלתון ,מבצע פסח - 20% הנחה
יקב טוליפ,מבצע פסח - 20% הנחה
יקב בן נון,מבצע פסח - 20% הנחה
יקב ברקן ,מבצע פסח - 20% הנחה
יקב צובה,מבצע פסח - 20% הנחה
יקב יפו,מבצע פסח - 20% הנחה
בירה אלכסנדר,מבצע פסח - 20% הנחה
יקב הר אודם,מבצע פסח - 20% הנחה
יקב אלבר,מבצע פסח - 20% הנחה
YA - יקב יה ,מבצע פסח - 20% הנחה
מיקסטה קוקטייל,מבצע פסח - 20% הנחה
בועה סדנאות בירה ,מבצע פסח - 20% הנחה
מרכז קולינרי Razberry ,מבצע פסח - 20% הנחה
מזקקת טינקרס – Thinkers Distillery,מבצע פסח - 20% הנחה
אבן רם ליקרים,מבצע פסח - 20% הנחה
מועדון היין אונליין,מבצע פסח - 20% הנחה
ביר באזר אונליין,מבצע פסח - 20% הנחה
בטן מלאה,מבצע פסח - 20% הנחה
גבינות ברמות,מבצע פסח - 20% הנחה
יקב תבור,מבצע פסח - 20% הנחה
יקב שדות,מבצע פסח - 20% הנחה
שוקה סיורים קולינריים,מבצע פסח - 20% הנחה
NS חוויה קולינרית,מבצע פסח - 20% הנחה
סינמה סיטי,מבצע פסח - 20% הנחה
תיאטרון בית לסין,מבצע פסח - 20% הנחה
תיאטרון חיפה ,מבצע פסח - 20% הנחה
תיאטרון אספקלריא ,מבצע פסח - 20% הנחה
מרכז הבמה גני תקווה ,מבצע פסח - 20% הנחה
תיאטרון מוצקין ,מבצע פסח - 20% הנחה
התיאטרון שלנו ,מבצע פסח - 20% הנחה
היכל התרבות יבנה ,מבצע פסח - 20% הנחה
"התזמורת הסימפונית ראשל\צ""",מבצע פסח - 20% הנחה
היכל התרבות נס ציונה ,מבצע פסח - 20% הנחה
מדיטק חולון ,מבצע פסח - 20% הנחה
היכל התרבות ראשון לציון ,מבצע פסח - 20% הנחה
היכל אומנויות הבמה הרצליה ,מבצע פסח - 20% הנחה
היכל התרבות כרמיאל,מבצע פסח - 20% הנחה
הבימה,מבצע פסח - 20% הנחה
תיאטרון נדנדה ,מבצע פסח - 20% הנחה
סינמטק תל אביב,מבצע פסח - 20% הנחה
המשכן לאמנויות הבמה שוהם,מבצע פסח - 20% הנחה
משכן אומנויות הבמה אשדוד,מבצע פסח - 20% הנחה
היכל התרבות לוד,מבצע פסח - 20% הנחה
היכל התרבות נהריה,מבצע פסח - 20% הנחה
מרכז נא לגעת,מבצע פסח - 20% הנחה
היכל התרבות נתניה,מבצע פסח - 20% הנחה
ורדינון אמן הילדים,מבצע פסח - 20% הנחה
בליץ,מבצע פסח - 20% הנחה
הכרטיס,מבצע פסח - 20% הנחה
נופיקי,מבצע פסח - 20% הנחה
לירון האוירון ,מבצע פסח - 20% הנחה
"רוגבי השקעות בע\מ""",מבצע פסח - 20% הנחה
סינמטק ירושלים,מבצע פסח - 20% הנחה
הקאמרי,מבצע פסח - 20% הנחה
תיאטרון ירושלים,מבצע פסח - 20% הנחה
המרכז למוסיקה ירושלים,מבצע פסח - 20% הנחה
הזירה הבין תחומית,מבצע פסח - 20% הנחה
תיאטרון רמלה ,מבצע פסח - 20% הנחה
תיאטרון אורנה פורת,מבצע פסח - 20% הנחה
קאמל קומדי קלאב,מבצע פסח - 20% הנחה
מכללת ג'אסט מיוזיק,מבצע פסח - 20% הנחה
סינמטק חיפה,מבצע פסח - 20% הנחה
תיאטרון השחר,מבצע פסח - 20% הנחה
התזמורת הסימפונית חיפה ,מבצע פסח - 20% הנחה
תיאטרון ילדים לנצח,מבצע פסח - 20% הנחה
דיוות וג'נטלמנים,מבצע פסח - 20% הנחה
מלון ספרה,מבצע פסח - 20% הנחה
קרפור,מבצע פסח - 15% הנחה ברשתות מזון
מגה בעיר,מבצע פסח - 15% הנחה ברשתות מזון
קינגסטור,מבצע פסח - 15% הנחה ברשתות מזון
ויקטורי,מבצע פסח - 15% הנחה ברשתות מזון
שוק העיר,מבצע פסח - 15% הנחה ברשתות מזון
יינות ביתן,מבצע פסח - 15% הנחה ברשתות מזון
שוק מהדרין,מבצע פסח - 15% הנחה ברשתות מזון
ביתן מרקט,מבצע פסח - 15% הנחה ברשתות מזון
ניצת הדובדבן,מבצע פסח - 15% הנחה ברשתות מזון
שוקיט,מבצע פסח - 15% הנחה ברשתות מזון
 אניס בתי טבע,מבצע פסח - 15% הנחה ברשתות מזון
יום ביום ,מבצע פסח - 15% הנחה ברשתות מזון
סופר ספיר,מבצע פסח - 15% הנחה ברשתות מזון
טיב טעם,מבצע פסח - 15% הנחה ברשתות מזון
גוד פארם,מבצע פסח - 15% הנחה ברשתות מזון
טרמינל איקס אונליין,מבצע פסח - 15% הנחה ברשתות מזון
ויקטורי אונליין,מבצע פסח - 15% הנחה ברשתות מזון
ללין אונליין ,מבצע פסח - 15% הנחה ברשתות מזון
מינוס 417 אונליין,מבצע פסח - 15% הנחה ברשתות מזון
טיב טעם אונליין,מבצע פסח - 15% הנחה ברשתות מזון
Noam living,מבצע פסח - 15% הנחה ברשתות מזון
אונליין DISKISS ,מבצע פסח - 15% הנחה ברשתות מזון
ארמאני ג'ינס,מבצע פסח - 15% הנחה ברשתות מזון
אלדו,מבצע פסח - 15% הנחה ברשתות מזון
סם אדלמן,מבצע פסח - 15% הנחה ברשתות מזון
וורקר,מבצע פסח - 15% הנחה ברשתות מזון
קונברס,מבצע פסח - 15% הנחה ברשתות מזון
בי יוניק,מבצע פסח - 15% הנחה ברשתות מזון
פלטין מותגים,מבצע פסח - 15% הנחה ברשתות מזון
אדידס ישראל,מבצע פסח - 15% הנחה ברשתות מזון
רשת פרופורציה,מבצע פסח - 15% הנחה ברשתות מזון
אונליין DISKISS ,מבצע פסח - 15% הנחה ברשתות מזון
הולמס פלייס,מבצע פסח - 15% הנחה ברשתות מזון
רשת הקאנטרי,מבצע פסח - 15% הנחה ברשתות מזון
תיירות יד מרדכי,מבצע פסח - 15% הנחה ברשתות מזון
פול גיימס,מבצע פסח - 15% הנחה ברשתות מזון
חוף חנניה,מבצע פסח - 15% הנחה ברשתות מזון
אתגר בהר,מבצע פסח - 15% הנחה ברשתות מזון
גלית ניניו,מבצע פסח - 15% הנחה ברשתות מזון
ילדי הפלא,מבצע פסח - 15% הנחה ברשתות מזון
סקיי טרק ,מבצע פסח - 15% הנחה ברשתות מזון
קווסטליין,מבצע פסח - 15% הנחה ברשתות מזון
סטאר קאר,מבצע פסח - 15% הנחה ברשתות מזון
ספורט ימי אילת - Watersport ,מבצע פסח - 15% הנחה ברשתות מזון
מוטורמאניה,מבצע פסח - 15% הנחה ברשתות מזון
"טריפי ב\ש""",מבצע פסח - 15% הנחה ברשתות מזון
גן החיות הלימודי חיפה ,מבצע פסח - 15% הנחה ברשתות מזון
גרין אקסטרים אילת,מבצע פסח - 15% הנחה ברשתות מזון
אסקייפ פלייס,מבצע פסח - 15% הנחה ברשתות מזון
רייזר קלאב על הנחל,מבצע פסח - 15% הנחה ברשתות מזון
בריכת קרית אונו,מבצע פסח - 15% הנחה ברשתות מזון
בבילון אונליין,מבצע פסח - 15% הנחה ברשתות מזון
ארטפוד,מבצע פסח - 15% הנחה ברשתות מזון
רווה קולינריה נוזלית,מבצע פסח - 15% הנחה ברשתות מזון
לייזר סיטי פתח תקווה,מבצע פסח - 15% הנחה ברשתות מזון
פרימה רויאל,מבצע פסח - 15% הנחה ברשתות מזון
מלון נווה שלום,מבצע פסח - 15% הנחה ברשתות מזון
ספא לגוף ולנשמה,מבצע פסח - 15% הנחה ברשתות מזון
שר ספא דיויד ים המלח  ,מבצע פסח - 15% הנחה ברשתות מזון
ספא מלון איילנד,מבצע פסח - 15% הנחה ברשתות מזון
דרים איילנד,מבצע פסח - 15% הנחה ברשתות מזון
ספא בראון ביץ' האוס,מבצע פסח - 15% הנחה ברשתות מזון
ספא מלון בובו,מבצע פסח - 15% הנחה ברשתות מזון
ספא מלון לייטהאוס,מבצע פסח - 15% הנחה ברשתות מזון
ממילא JLM ספא ,מבצע פסח - 15% הנחה ברשתות מזון
ספא וילה ויטראז,מבצע פסח - 15% הנחה ברשתות מזון
שר ספא מלון תמרה אשקלון,מבצע פסח - 15% הנחה ברשתות מזון
ספא מלון ברדיצ'בסקי,מבצע פסח - 15% הנחה ברשתות מזון
שיר קוסמטיקס,מבצע פסח - 15% הנחה ברשתות מזון
דריה ספא מלון נבל דוד גליל ריזורט,מבצע פסח - 15% הנחה ברשתות מזון
ספא מלון בוטניקה,מבצע פסח - 15% הנחה ברשתות מזון
אחוזת הספא רחובות,מבצע פסח - 15% הנחה ברשתות מזון
ספא מלון לאונרדו נגב באר שבע,מבצע פסח - 15% הנחה ברשתות מזון
ספא שייה,מבצע פסח - 15% הנחה ברשתות מזון
ספא קלרינס,מבצע פסח - 15% הנחה ברשתות מזון
ספא חוף הכרמל,מבצע פסח - 15% הנחה ברשתות מזון
ספא לוטוס מלון מעלה החמישה,מבצע פסח - 15% הנחה ברשתות מזון
ספא רויאל,מבצע פסח - 15% הנחה ברשתות מזון
ספא מיראבל פלאזה,מבצע פסח - 15% הנחה ברשתות מזון
מדיקל ספא סנטר,מבצע פסח - 15% הנחה ברשתות מזון
וי קי קליניק,מבצע פסח - 15% הנחה ברשתות מזון
מזקקת טינקרס – Thinkers Distillery,מבצע פסח - 15% הנחה ברשתות מזון
אבן רם ליקרים,מבצע פסח - 15% הנחה ברשתות מזון
NS חוויה קולינרית,מבצע פסח - 15% הנחה ברשתות מזון
היכל התרבות נהריה,מבצע פסח - 15% הנחה ברשתות מזון
הכרטיס,מבצע פסח - 15% הנחה ברשתות מזון
תיאטרון השחר,מבצע פסח - 15% הנחה ברשתות מזון
התזמורת הסימפונית חיפה ,מבצע פסח - 15% הנחה ברשתות מזון
תיאטרון ילדים לנצח,מבצע פסח - 15% הנחה ברשתות מזון
דיוות וג'נטלמנים,מבצע פסח - 15% הנחה ברשתות מזון
מלון ספרה,מבצע פסח - 15% הנחה ברשתות מזון
סינמה סיטי,18% הנחה ברשתות
אתר נופשונית,18% הנחה ברשתות
פוקס הום אונליין,18% הנחה ברשתות
נאוטיקה הום אונליין,18% הנחה ברשתות
אייץ אנד או אונליין ,18% הנחה ברשתות
מגה ספורט אונליין ,18% הנחה ברשתות
דיל תאורה אונליין ,18% הנחה ברשתות
אונליין ONE PROJECT,18% הנחה ברשתות
מוזה קוקטיילים אונליין ,18% הנחה ברשתות
GA-DE ONLINE,18% הנחה ברשתות
קרטרס אונליין,18% הנחה ברשתות
מיננה אונליין,18% הנחה ברשתות
קרליין אונליין ,18% הנחה ברשתות
נינו אונליין,18% הנחה ברשתות
שר ספא אונליין,18% הנחה ברשתות
Lenovo Online Shop,18% הנחה ברשתות
אהבה קטנה אונליין,18% הנחה ברשתות
פיקניק אונליין,18% הנחה ברשתות
ATIA,18% הנחה ברשתות
אונליין YOOZ ,18% הנחה ברשתות
פוקס ויזל אונליין,18% הנחה ברשתות
קרביץ אונליין,18% הנחה ברשתות
פוט לוקר אונליין ,18% הנחה ברשתות
שילב אונליין,18% הנחה ברשתות
The beauty intelligence online,18% הנחה ברשתות
ללין אונליין ,18% הנחה ברשתות
אונליין ESTHER  ,18% הנחה ברשתות
מינוס 417 אונליין,18% הנחה ברשתות
אונליין BEENY,18% הנחה ברשתות
Noam living,18% הנחה ברשתות
אונליין DISKISS ,18% הנחה ברשתות
אלקטרה זכיין אדידס,18% הנחה ברשתות
"פוקס ויזל בע\מ""",18% הנחה ברשתות
אמריקן איגל,18% הנחה ברשתות
דונה ויקטוריה,18% הנחה ברשתות
מנגו,18% הנחה ברשתות
ללין,18% הנחה ברשתות
קרייזי ליין,18% הנחה ברשתות
סבון ,18% הנחה ברשתות
בילבונג,18% הנחה ברשתות
אייץ אנד או,18% הנחה ברשתות
גולף,18% הנחה ברשתות
מגה ספורט,18% הנחה ברשתות
פולגת,18% הנחה ברשתות
אינטימה,18% הנחה ברשתות
גולף קידס אנד בייבי,18% הנחה ברשתות
ניו ,18% הנחה ברשתות
ריפליי,18% הנחה ברשתות
סאקוני,18% הנחה ברשתות
דה צילדרנס פלייס - (TCP),18% הנחה ברשתות
איזי ספיריט,18% הנחה ברשתות
גלי,18% הנחה ברשתות
כל נעל סנטר,18% הנחה ברשתות
לי קופר,18% הנחה ברשתות
ניין ווסט,18% הנחה ברשתות
סולוג,18% הנחה ברשתות
אוריג'ינלס,18% הנחה ברשתות
אופטיקנה,18% הנחה ברשתות
ריקושט,18% הנחה ברשתות
אפרודיטה,18% הנחה ברשתות
קרטרס,18% הנחה ברשתות
פפאיה,18% הנחה ברשתות
אמפוריום סקאל,18% הנחה ברשתות
טימברלנד,18% הנחה ברשתות
פולו - ראלף לורן,18% הנחה ברשתות
SBN נאוטיקה,18% הנחה ברשתות
ליוויס,18% הנחה ברשתות
ארמני אקסצ'יינג,18% הנחה ברשתות
פול אנד שארק,18% הנחה ברשתות
מייקל קורס,18% הנחה ברשתות
דיזל,18% הנחה ברשתות
טומי הילפיגר,18% הנחה ברשתות
ארמאני ג'ינס,18% הנחה ברשתות
סקצ'רס,18% הנחה ברשתות
אלדו,18% הנחה ברשתות
בוניטה דה מאס,18% הנחה ברשתות
ג'אמפ & עונות,18% הנחה ברשתות
שואו אוף,18% הנחה ברשתות
"נמרוד ייצור (1979) בע\מ """,18% הנחה ברשתות
יאנגה,18% הנחה ברשתות
תכשיק,18% הנחה ברשתות
אייס קיוב,18% הנחה ברשתות
פוט לוקר,18% הנחה ברשתות
בודי שופ,18% הנחה ברשתות
CK קלווין קליין ׁ,18% הנחה ברשתות
פקטורי 54,18% הנחה ברשתות
אמפוריו ארמני,18% הנחה ברשתות
סטיב מאדן ס.מ הפצה ישראל,18% הנחה ברשתות
שילב,18% הנחה ברשתות
אסיקס,18% הנחה ברשתות
פמינה,18% הנחה ברשתות
בוס,18% הנחה ברשתות
לי קופר קידס,18% הנחה ברשתות
לחייל ולטייל ,18% הנחה ברשתות
SBN אמפוריום ,18% הנחה ברשתות
נאוטיקה סקאל,18% הנחה ברשתות
ג'ק קובה ,18% הנחה ברשתות
ספידו,18% הנחה ברשתות
שוסטר ,18% הנחה ברשתות
לסטר,18% הנחה ברשתות
קולומביה,18% הנחה ברשתות
אאוטסיידרס,18% הנחה ברשתות
שבילים,18% הנחה ברשתות
אליסיום,18% הנחה ברשתות
מיננה,18% הנחה ברשתות
פטיט באטו,18% הנחה ברשתות
לקוסט,18% הנחה ברשתות
פומה ,18% הנחה ברשתות
מגה ספורט קידס,18% הנחה ברשתות
א.א אורטופדיה,18% הנחה ברשתות
גס,18% הנחה ברשתות
נאטורפיל,18% הנחה ברשתות
לבידו ,18% הנחה ברשתות
איל מקיאג,18% הנחה ברשתות
בייביסטאר,18% הנחה ברשתות
ג'י קונספט סטור,18% הנחה ברשתות
דונה קארן,18% הנחה ברשתות
סם אדלמן,18% הנחה ברשתות
"סאן גלאס ישראל בע\מ""",18% הנחה ברשתות
XRAY,18% הנחה ברשתות
רובי ביי,18% הנחה ברשתות
וורקר,18% הנחה ברשתות
ברוקס,18% הנחה ברשתות
עגליס,18% הנחה ברשתות
וילברקווין,18% הנחה ברשתות
קונברס,18% הנחה ברשתות
בי יוניק,18% הנחה ברשתות
ריפ קארל,18% הנחה ברשתות
אירוקה ביי סופר פארם,18% הנחה ברשתות
אהבה,18% הנחה ברשתות
אבידור המרכז הבריאותי לכף הרגל,18% הנחה ברשתות
אנדר ארמור,18% הנחה ברשתות
בירקנשטוק,18% הנחה ברשתות
פלטין מותגים,18% הנחה ברשתות
בוגארט,18% הנחה ברשתות
נאווה קולאז,18% הנחה ברשתות
אדידס ישראל,18% הנחה ברשתות
את לבני נשים,18% הנחה ברשתות
רשת פרופורציה,18% הנחה ברשתות
אונליין DISKISS ,18% הנחה ברשתות
ורדינון,18% הנחה ברשתות
סולתם ,18% הנחה ברשתות
המשביר לצרכן,18% הנחה ברשתות
הום סנטר,18% הנחה ברשתות
פוקס הום,18% הנחה ברשתות
שקם אלקטריק,18% הנחה ברשתות
נעמן,18% הנחה ברשתות
טויס אר אס,18% הנחה ברשתות
גולף אנד קו,18% הנחה ברשתות
כיתן,18% הנחה ברשתות
גוד נייט,18% הנחה ברשתות
עמינח,18% הנחה ברשתות
סטימצקי,18% הנחה ברשתות
צומת ספרים,18% הנחה ברשתות
זר פור יו,18% הנחה ברשתות
טרקלין חשמל ,18% הנחה ברשתות
מילניום מרקטינג ארקוסטיל קיצ'ן,18% הנחה ברשתות
BFL (פוד אפיל),18% הנחה ברשתות
קלאסיקה,18% הנחה ברשתות
ספייסז,18% הנחה ברשתות
"מכלול ברמן בקמפוס בע\מ """,18% הנחה ברשתות
ואהבת ,18% הנחה ברשתות
אמריקן קומפורט,18% הנחה ברשתות
הום סטייל,18% הנחה ברשתות
קרביץ,18% הנחה ברשתות
מוצצים,18% הנחה ברשתות
יולו,18% הנחה ברשתות
פליינג טייגר,18% הנחה ברשתות
ג'ונגל חיות מחמד ,18% הנחה ברשתות
לבן,18% הנחה ברשתות
נאוטיקה הום,18% הנחה ברשתות
דיל תאורה,18% הנחה ברשתות
צמר שטיחים יפים,18% הנחה ברשתות
ערד טקסטיל,18% הנחה ברשתות
המטבח,18% הנחה ברשתות
גל אור,18% הנחה ברשתות
ביגה כפר סבא,18% הנחה ברשתות
Villa Mare TLV מסעדת ,18% הנחה ברשתות
שפרה - מעדנייה מבית פועה,18% הנחה ברשתות
יוגורטה,18% הנחה ברשתות
freefit,18% הנחה ברשתות
ספורטר,18% הנחה ברשתות
קאנטרי 360,18% הנחה ברשתות
הולמס פלייס,18% הנחה ברשתות
רבו פיטנס ,18% הנחה ברשתות
מרכז ספורט מכבים,18% הנחה ברשתות
סטודיו אווה,18% הנחה ברשתות
אביטליטי,18% הנחה ברשתות
מרכז התזונה של מירי חדד,18% הנחה ברשתות
אורנג תיאורי,18% הנחה ברשתות
ארה פיטנס,18% הנחה ברשתות
אקסטרה ג'ים ,18% הנחה ברשתות
ML FITNESS,18% הנחה ברשתות
תבל פילאטיס,18% הנחה ברשתות
האקדמיה של פליקס,18% הנחה ברשתות
דרים ג'ים,18% הנחה ברשתות
כפר המכביה,18% הנחה ברשתות
רשת הקאנטרי,18% הנחה ברשתות
קיפצובה,18% הנחה ברשתות
מיני ישראל,18% הנחה ברשתות
היכל הקרח חולון,18% הנחה ברשתות
אקווה ספורט,18% הנחה ברשתות
ijump,18% הנחה ברשתות
שביל התפוזים,18% הנחה ברשתות
דרך העץ,18% הנחה ברשתות
אסקייפרום,18% הנחה ברשתות
חוף קיסוסקי,18% הנחה ברשתות
היכל הקרח באר שבע ,18% הנחה ברשתות
חמת גדר,18% הנחה ברשתות
גן גורו,18% הנחה ברשתות
לייזר סיטי גלילות,18% הנחה ברשתות
"אסקייפלנד בע\מ""",18% הנחה ברשתות
קייקי הגושרים,18% הנחה ברשתות
פארק המעיינות,18% הנחה ברשתות
רפטינג נהר הירדן,18% הנחה ברשתות
אקסטרים ספורט ימי,18% הנחה ברשתות
גל במדבר,18% הנחה ברשתות
חלום עולמי ,18% הנחה ברשתות
בר בהר,18% הנחה ברשתות
רשות הטבע והגנים,18% הנחה ברשתות
קייקי כפר בלום,18% הנחה ברשתות
סמארטור - סגווי ירושלים,18% הנחה ברשתות
2JUMP,18% הנחה ברשתות
ישראל טו גו,18% הנחה ברשתות
מטווח באנג,18% הנחה ברשתות
רייז אפ,18% הנחה ברשתות
מצנחי הים האדום,18% הנחה ברשתות
גלאקסיה ספינת זכוכית,18% הנחה ברשתות
טרק ים אכזיב,18% הנחה ברשתות
הצנחניה,18% הנחה ברשתות
GO JUMP,18% הנחה ברשתות
פארק תמנע,18% הנחה ברשתות
חי פארק קרית מוצקין,18% הנחה ברשתות
ישראל ים,18% הנחה ברשתות
קיר יואב,18% הנחה ברשתות
אקסטרים פארק אתגרי,18% הנחה ברשתות
די גייד,18% הנחה ברשתות
טייפון הרחפת ,18% הנחה ברשתות
מיי נינג'ה מודיעין,18% הנחה ברשתות
תיירות הרובע היהודי,18% הנחה ברשתות
פיק אפ סרף - עמותת אל הים,18% הנחה ברשתות
רואים את האופק בים ,18% הנחה ברשתות
Imracing,18% הנחה ברשתות
סייל אילת ,18% הנחה ברשתות
מיסטיק רום ,18% הנחה ברשתות
"כדור פורח ת\א""",18% הנחה ברשתות
רוג'ום מועדון טיפוס וטבע,18% הנחה ברשתות
play park פליי פארק חריש - לא פעיל ,18% הנחה ברשתות
play park פליי פארק רעננה - לא פעיל ,18% הנחה ברשתות
play park פליי פארק יבנה - לא פעיל,18% הנחה ברשתות
אגם מונפורט ,18% הנחה ברשתות
דביר מצנחי רחיפה ,18% הנחה ברשתות
אלכימיה סטודיו,18% הנחה ברשתות
אאוריקה עיצובים,18% הנחה ברשתות
Asim סימולטור ,18% הנחה ברשתות
ראלי ארט,18% הנחה ברשתות
הגן הבוטני אילת,18% הנחה ברשתות
דן קרטינג,18% הנחה ברשתות
טרקטורוני הצפון,18% הנחה ברשתות
סול טורס אילת,18% הנחה ברשתות
פאנקי מאנקי ראשון לציון ,18% הנחה ברשתות
פאנקי מאנקי כפר סבא ,18% הנחה ברשתות
פאנקי מאנקי זכרון יעקב ,18% הנחה ברשתות
פאנקי מאנקי אשקלון  ,18% הנחה ברשתות
פאנקי מאנקי כפר יונה  ,18% הנחה ברשתות
אומנות על הבר,18% הנחה ברשתות
הכוורת מרכז מבקרים,18% הנחה ברשתות
טרקטורוני דישון,18% הנחה ברשתות
תיירות יד מרדכי,18% הנחה ברשתות
אוראל אלבז - סטודיו פרדס רימונים,18% הנחה ברשתות
פול גיימס,18% הנחה ברשתות
מרכז קנדה,18% הנחה ברשתות
חוף חנניה,18% הנחה ברשתות
לייזר סטריט,18% הנחה ברשתות
פארק אתגרים אשדוד,18% הנחה ברשתות
בי תל אביב טורס,18% הנחה ברשתות
אקסטרים ים נהריה,18% הנחה ברשתות
אתגר בהר,18% הנחה ברשתות
משחקיית נוגילולה,18% הנחה ברשתות
מכוורת איילת השחר,18% הנחה ברשתות
PicCell,18% הנחה ברשתות
גלית ניניו,18% הנחה ברשתות
סאנשיין גרופ,18% הנחה ברשתות
אלנתן תכשיטים סדנת צורפות,18% הנחה ברשתות
שחמט ישראל,18% הנחה ברשתות
ילדי הפלא,18% הנחה ברשתות
Carmelx,18% הנחה ברשתות
בסנדלים,18% הנחה ברשתות
סקיי טרק ,18% הנחה ברשתות
טננה קורס ספרדית דיגיטלי,18% הנחה ברשתות
אקווה פאן אילת,18% הנחה ברשתות
יאכטה שונית אילת,18% הנחה ברשתות
אנליזה,18% הנחה ברשתות
ווי סרף ,18% הנחה ברשתות
משה סימן טוב שנות הקסם,18% הנחה ברשתות
סינמטק ירושלים,18% הנחה ברשתות
פיק אפ מומנט,18% הנחה ברשתות
קווסטליין,18% הנחה ברשתות
איזי ריידר TLV,18% הנחה ברשתות
סטאר קאר,18% הנחה ברשתות
ספורט ימי אילת - Watersport ,18% הנחה ברשתות
הזקן והיין,18% הנחה ברשתות
מטאור תצפית כוכבים,18% הנחה ברשתות
קאנטרי נוף הגליל,18% הנחה ברשתות
המתחם נוף הגליל,18% הנחה ברשתות
נינג'ה אקסטרים,18% הנחה ברשתות
D-TLV,18% הנחה ברשתות
Eilat desert tours,18% הנחה ברשתות
טיקטיק חבילות ספורט והופעות,18% הנחה ברשתות
MY FLY ISRAEL,18% הנחה ברשתות
באמפ קאר אילת,18% הנחה ברשתות
play game פליי גיים ,18% הנחה ברשתות
נינג'ה סטאר הוד השרון,18% הנחה ברשתות
יאכטה המפלט,18% הנחה ברשתות
נגרות בוטיק Ofek woodi ,18% הנחה ברשתות
דזרט פרו,18% הנחה ברשתות
חוות לב הטבע,18% הנחה ברשתות
מוטורמאניה,18% הנחה ברשתות
המפלט הזוגי ,18% הנחה ברשתות
"טריפי ב\ש""",18% הנחה ברשתות
גן החיות הלימודי חיפה ,18% הנחה ברשתות
גרין אקסטרים אילת,18% הנחה ברשתות
אסקייפ פלייס,18% הנחה ברשתות
רייזר קלאב על הנחל,18% הנחה ברשתות
בריכת קרית אונו,18% הנחה ברשתות
בבילון אונליין,18% הנחה ברשתות
ארטפוד,18% הנחה ברשתות
רווה קולינריה נוזלית,18% הנחה ברשתות
לייזר סיטי פתח תקווה,18% הנחה ברשתות
פרימה המלכים,18% הנחה ברשתות
פרימה רויאל,18% הנחה ברשתות
פרימה פאלאס,18% הנחה ברשתות
פרימה פארק,18% הנחה ברשתות
פרימה תל אביב,18% הנחה ברשתות
פרימה גליל,18% הנחה ברשתות
פרימה מיוזיק,18% הנחה ברשתות
פרימה סיטי,18% הנחה ברשתות
פרימה הוטל 75,18% הנחה ברשתות
פרימה דייויד טאוור,18% הנחה ברשתות
פרימה ורה,18% הנחה ברשתות
פרימה מנדלי,18% הנחה ברשתות
פרימה לינק,18% הנחה ברשתות
פרימה מילניום,18% הנחה ברשתות
פרימה ג'יקוב סמואל,18% הנחה ברשתות
פרימה אואזיס+ספא קלאב,18% הנחה ברשתות
מלון קסייה ,18% הנחה ברשתות
מלון נווה שלום,18% הנחה ברשתות
חמי געש,18% הנחה ברשתות
שרנא - דיימונד ספא,18% הנחה ברשתות
זאוס - דיימונד ספא,18% הנחה ברשתות
ספא בן עמי,18% הנחה ברשתות
ספא אסיינדה ביער,18% הנחה ברשתות
ספא לה ויטה ,18% הנחה ברשתות
מילה ספא,18% הנחה ברשתות
אמרלד ספא,18% הנחה ברשתות
ספא פנינה בכרמל ,18% הנחה ברשתות
ספא נקרות,18% הנחה ברשתות
הולמס פלייס ספא - עזריאלי,18% הנחה ברשתות
ספא ויה מאריס,18% הנחה ברשתות
פיזיום,18% הנחה ברשתות
הולמס פלייס ספא - מודיעין,18% הנחה ברשתות
הולמס פלייס ספא - רחובות,18% הנחה ברשתות
"הולמס פלייס ספא - ראשל\צ""",18% הנחה ברשתות
הולמס פלייס ספא - גרנד קניון,18% הנחה ברשתות
הולמס פלייס ספא - רעננה,18% הנחה ברשתות
הולמס פלייס ספא - גבעת שמואל,18% הנחה ברשתות
ספא אלוויט,18% הנחה ברשתות
ספא מלון אירופה ,18% הנחה ברשתות
 ספא מלון לאונרדו קלאב ים המלח ,18% הנחה ברשתות
 ספא מלון הרודס ים המלח ,18% הנחה ברשתות
ספא מלון לאונרדו פלאזה ים המלח ,18% הנחה ברשתות
צאנג מאי ספא,18% הנחה ברשתות
דרים ספא,18% הנחה ברשתות
ספא טומקו ג'פניס,18% הנחה ברשתות
ספא מלון לאונרדו ירושלים,18% הנחה ברשתות
ספא לגוף ולנשמה,18% הנחה ברשתות
ספא פלמינגו ,18% הנחה ברשתות
ספא מלון דן פנורמה ירושלים,18% הנחה ברשתות
ספא מלון דן אכדיה,18% הנחה ברשתות
The spa דיוויד אינטרקונטיננטל,18% הנחה ברשתות
JA SPA דן קיסריה ריזורט,18% הנחה ברשתות
ספא בוטיק גלי כינרת,18% הנחה ברשתות
ווסט אנד ספא מלון ווסט אשדוד,18% הנחה ברשתות
Okoa spa ספא מלון קמפינסקי,18% הנחה ברשתות
JA SPA דן אילת,18% הנחה ברשתות
JA SPA מלון דן פנורמה אילת,18% הנחה ברשתות
ספא מלון גולדן קראון נצרת,18% הנחה ברשתות
ספא מלון ניאה ,18% הנחה ברשתות
שר ספא יו קורל ביץ אילת,18% הנחה ברשתות
שר ספא הרודס הרצליה,18% הנחה ברשתות
"שר ספא הרודס ת\א""",18% הנחה ברשתות
"שר ספא לאונרדו ארט ת\א""",18% הנחה ברשתות
שר ספא ניקס הרצליה,18% הנחה ברשתות
שר ספא מג'יק גארדן נשר,18% הנחה ברשתות
שר ספא דיויד ים המלח  ,18% הנחה ברשתות
מנטרה ספא,18% הנחה ברשתות
ארמאנני ספא,18% הנחה ברשתות
ספא לאונרדו פלאזה ברניקי,18% הנחה ברשתות
דריה ספא מלון נבל דוד רמדה נתניה,18% הנחה ברשתות
ספא מלון דבורה רשת בראון,18% הנחה ברשתות
ספא לאונרדו קלאב טבריה ,18% הנחה ברשתות
ספא מלון לאונרדו פלאזה ירושלים,18% הנחה ברשתות
ספא מלון ורט לגון נתניה,18% הנחה ברשתות
ריביירה ספא,18% הנחה ברשתות
ספא מלון איילנד,18% הנחה ברשתות
ספא מוריה מלון פרימה רויאל ירושלים,18% הנחה ברשתות
ספא מלון חמת קיסר,18% הנחה ברשתות
אופולסקי ספא,18% הנחה ברשתות
וילה בוטיק  לאו ספא,18% הנחה ברשתות
דרים איילנד,18% הנחה ברשתות
ספא האלמנט החמישי מלון ורט ירושלים,18% הנחה ברשתות
ספא בראון ביץ' האוס,18% הנחה ברשתות
ספא מלון בובו,18% הנחה ברשתות
ספא מלון לייטהאוס,18% הנחה ברשתות
ספא מלון וילה בראון המושבה,18% הנחה ברשתות
ספא מלון וילה בראון ירושלים,18% הנחה ברשתות
ממילא JLM ספא ,18% הנחה ברשתות
ספא פיורינה מלון הגושרים,18% הנחה ברשתות
ספא וילה ויטראז,18% הנחה ברשתות
ספא מלון רוקסון אורבן,18% הנחה ברשתות
ספא ויה לומה מלון דן תל אביב,18% הנחה ברשתות
שר ספא מלון תמרה אשקלון,18% הנחה ברשתות
ספא יסמין מלון רמדה נצרת,18% הנחה ברשתות
הלו ספא - מלון סי לייף נהריה,18% הנחה ברשתות
גליה ברוך קוסמטיקה,18% הנחה ברשתות
ספא סינרגיה,18% הנחה ברשתות
ימה ספא ,18% הנחה ברשתות
קאלמה ספא,18% הנחה ברשתות
הבריאות שבפינוק,18% הנחה ברשתות
ספא מלון ברדיצ'בסקי,18% הנחה ברשתות
ספא הוריזון ,18% הנחה ברשתות
שיר קוסמטיקס,18% הנחה ברשתות
ספא סוליי אילת ,18% הנחה ברשתות
אייס גורו,18% הנחה ברשתות
ספא ספורטלי,18% הנחה ברשתות
אלמונד ספא,18% הנחה ברשתות
ביוטי טיים,18% הנחה ברשתות
ספא מלון יו בוטיק כנרת,18% הנחה ברשתות
ספא מלון מאייר,18% הנחה ברשתות
ספא מלון הרודס ויטאליס אילת,18% הנחה ברשתות
ספא אסמבלאז,18% הנחה ברשתות
דריה ספא מלון נבל דוד גליל ריזורט,18% הנחה ברשתות
ספא מלון בוטניקה,18% הנחה ברשתות
 דלל קוסמטיקס,18% הנחה ברשתות
FLOW ספא ,18% הנחה ברשתות
ספא בראון רד סי אילת,18% הנחה ברשתות
ספא בראון אילת ,18% הנחה ברשתות
אנג'ל ספא מלון קיסר,18% הנחה ברשתות
אנג'ל ספא מלון אמריקנה,18% הנחה ברשתות
ג'אסט בי,18% הנחה ברשתות
טיליה קליניק צפון,18% הנחה ברשתות
דרים פילאטיס,18% הנחה ברשתות
Dream Well,18% הנחה ברשתות
אחוזת הספא רחובות,18% הנחה ברשתות
ספא מלון לאונרדו נגב באר שבע,18% הנחה ברשתות
ספא שייה,18% הנחה ברשתות
ספא קלרינס,18% הנחה ברשתות
ספא חוף הכרמל,18% הנחה ברשתות
ספא לוטוס מלון מעלה החמישה,18% הנחה ברשתות
ספא רויאל,18% הנחה ברשתות
ספא מיראבל פלאזה,18% הנחה ברשתות
מדיקל ספא סנטר,18% הנחה ברשתות
וי קי קליניק,18% הנחה ברשתות
איש הענבים,18% הנחה ברשתות
מבשלים חוויה ,18% הנחה ברשתות
יקב גוש עציון ,18% הנחה ברשתות
יקב דלתון ,18% הנחה ברשתות
יקב טוליפ,18% הנחה ברשתות
יקב בן נון,18% הנחה ברשתות
יקב ברקן ,18% הנחה ברשתות
יקב צובה,18% הנחה ברשתות
יקב יפו,18% הנחה ברשתות
בירה אלכסנדר,18% הנחה ברשתות
יקב הר אודם,18% הנחה ברשתות
יקב אלבר,18% הנחה ברשתות
YA - יקב יה ,18% הנחה ברשתות
מיקסטה קוקטייל,18% הנחה ברשתות
בועה סדנאות בירה ,18% הנחה ברשתות
מרכז קולינרי Razberry ,18% הנחה ברשתות
מזקקת טינקרס – Thinkers Distillery,18% הנחה ברשתות
אבן רם ליקרים,18% הנחה ברשתות
מועדון היין אונליין,18% הנחה ברשתות
ביר באזר אונליין,18% הנחה ברשתות
בטן מלאה,18% הנחה ברשתות
גבינות ברמות,18% הנחה ברשתות
יקב תבור,18% הנחה ברשתות
יקב שדות,18% הנחה ברשתות
שוקה סיורים קולינריים,18% הנחה ברשתות
NS חוויה קולינרית,18% הנחה ברשתות
סינמה סיטי,18% הנחה ברשתות
תיאטרון בית לסין,18% הנחה ברשתות
תיאטרון חיפה ,18% הנחה ברשתות
תיאטרון אספקלריא ,18% הנחה ברשתות
מרכז הבמה גני תקווה ,18% הנחה ברשתות
תיאטרון מוצקין ,18% הנחה ברשתות
התיאטרון שלנו ,18% הנחה ברשתות
היכל התרבות יבנה ,18% הנחה ברשתות
"התזמורת הסימפונית ראשל\צ""",18% הנחה ברשתות
היכל התרבות נס ציונה ,18% הנחה ברשתות
מדיטק חולון ,18% הנחה ברשתות
היכל התרבות ראשון לציון ,18% הנחה ברשתות
היכל אומנויות הבמה הרצליה ,18% הנחה ברשתות
היכל התרבות כרמיאל,18% הנחה ברשתות
הבימה,18% הנחה ברשתות
תיאטרון נדנדה ,18% הנחה ברשתות
סינמטק תל אביב,18% הנחה ברשתות
המשכן לאמנויות הבמה שוהם,18% הנחה ברשתות
משכן אומנויות הבמה אשדוד,18% הנחה ברשתות
היכל התרבות לוד,18% הנחה ברשתות
היכל התרבות נהריה,18% הנחה ברשתות
מרכז נא לגעת,18% הנחה ברשתות
היכל התרבות נתניה,18% הנחה ברשתות
ורדינון אמן הילדים,18% הנחה ברשתות
בליץ,18% הנחה ברשתות
הכרטיס,18% הנחה ברשתות
נופיקי,18% הנחה ברשתות
לירון האוירון ,18% הנחה ברשתות
"רוגבי השקעות בע\מ""",18% הנחה ברשתות
סינמטק ירושלים,18% הנחה ברשתות
הקאמרי,18% הנחה ברשתות
תיאטרון ירושלים,18% הנחה ברשתות
המרכז למוסיקה ירושלים,18% הנחה ברשתות
הזירה הבין תחומית,18% הנחה ברשתות
תיאטרון רמלה ,18% הנחה ברשתות
תיאטרון אורנה פורת,18% הנחה ברשתות
קאמל קומדי קלאב,18% הנחה ברשתות
מכללת ג'אסט מיוזיק,18% הנחה ברשתות
סינמטק חיפה,18% הנחה ברשתות
תיאטרון השחר,18% הנחה ברשתות
התזמורת הסימפונית חיפה ,18% הנחה ברשתות
תיאטרון ילדים לנצח,18% הנחה ברשתות
דיוות וג'נטלמנים,18% הנחה ברשתות
מלון ספרה,18% הנחה ברשתות
קינגסטור,7% הנחה ברשתות מזון
ויקטורי,7% הנחה ברשתות מזון
שפע ברכת השם,7% הנחה ברשתות מזון
שוק העיר,7% הנחה ברשתות מזון
ניצת הדובדבן,7% הנחה ברשתות מזון
שוקיט,7% הנחה ברשתות מזון
 אניס בתי טבע,7% הנחה ברשתות מזון
יום ביום ,7% הנחה ברשתות מזון
סופר ספיר,7% הנחה ברשתות מזון
טיב טעם,7% הנחה ברשתות מזון
גוד פארם,7% הנחה ברשתות מזון
טרמינל איקס אונליין,7% הנחה ברשתות מזון
ויקטורי אונליין,7% הנחה ברשתות מזון
סנו עד הבית אונליין ,7% הנחה ברשתות מזון
קרביץ אונליין,7% הנחה ברשתות מזון
טיב טעם אונליין,7% הנחה ברשתות מזון
אונליין BEENY,7% הנחה ברשתות מזון
צמר שטיחים יפים,7% הנחה ברשתות מזון
פרימה הוטל 75,7% הנחה ברשתות מזון
מלון ספרה,7% הנחה ברשתות מזון
סינמה סיטי,15% הנחה ברשתות
אתר נופשונית,15% הנחה ברשתות
פוקס הום אונליין,15% הנחה ברשתות
נאוטיקה הום אונליין,15% הנחה ברשתות
אייץ אנד או אונליין ,15% הנחה ברשתות
מגה ספורט אונליין ,15% הנחה ברשתות
דיל תאורה אונליין ,15% הנחה ברשתות
אונליין ONE PROJECT,15% הנחה ברשתות
מוזה קוקטיילים אונליין ,15% הנחה ברשתות
GA-DE ONLINE,15% הנחה ברשתות
קרטרס אונליין,15% הנחה ברשתות
מיננה אונליין,15% הנחה ברשתות
קרליין אונליין ,15% הנחה ברשתות
נינו אונליין,15% הנחה ברשתות
שר ספא אונליין,15% הנחה ברשתות
Lenovo Online Shop,15% הנחה ברשתות
אהבה קטנה אונליין,15% הנחה ברשתות
פיקניק אונליין,15% הנחה ברשתות
ATIA,15% הנחה ברשתות
אונליין YOOZ ,15% הנחה ברשתות
פוקס ויזל אונליין,15% הנחה ברשתות
קרביץ אונליין,15% הנחה ברשתות
פוט לוקר אונליין ,15% הנחה ברשתות
שילב אונליין,15% הנחה ברשתות
The beauty intelligence online,15% הנחה ברשתות
ללין אונליין ,15% הנחה ברשתות
אונליין ESTHER  ,15% הנחה ברשתות
מינוס 417 אונליין,15% הנחה ברשתות
אונליין BEENY,15% הנחה ברשתות
Noam living,15% הנחה ברשתות
אונליין DISKISS ,15% הנחה ברשתות
אלקטרה זכיין אדידס,15% הנחה ברשתות
"פוקס ויזל בע\מ""",15% הנחה ברשתות
אמריקן איגל,15% הנחה ברשתות
דונה ויקטוריה,15% הנחה ברשתות
מנגו,15% הנחה ברשתות
ללין,15% הנחה ברשתות
קרייזי ליין,15% הנחה ברשתות
סבון ,15% הנחה ברשתות
בילבונג,15% הנחה ברשתות
אייץ אנד או,15% הנחה ברשתות
גולף,15% הנחה ברשתות
מגה ספורט,15% הנחה ברשתות
פולגת,15% הנחה ברשתות
אינטימה,15% הנחה ברשתות
גולף קידס אנד בייבי,15% הנחה ברשתות
ניו ,15% הנחה ברשתות
ריפליי,15% הנחה ברשתות
סאקוני,15% הנחה ברשתות
דה צילדרנס פלייס - (TCP),15% הנחה ברשתות
איזי ספיריט,15% הנחה ברשתות
גלי,15% הנחה ברשתות
כל נעל סנטר,15% הנחה ברשתות
לי קופר,15% הנחה ברשתות
ניין ווסט,15% הנחה ברשתות
סולוג,15% הנחה ברשתות
אוריג'ינלס,15% הנחה ברשתות
אופטיקנה,15% הנחה ברשתות
ריקושט,15% הנחה ברשתות
אפרודיטה,15% הנחה ברשתות
קרטרס,15% הנחה ברשתות
פפאיה,15% הנחה ברשתות
אמפוריום סקאל,15% הנחה ברשתות
טימברלנד,15% הנחה ברשתות
פולו - ראלף לורן,15% הנחה ברשתות
SBN נאוטיקה,15% הנחה ברשתות
ליוויס,15% הנחה ברשתות
ארמני אקסצ'יינג,15% הנחה ברשתות
פול אנד שארק,15% הנחה ברשתות
מייקל קורס,15% הנחה ברשתות
דיזל,15% הנחה ברשתות
טומי הילפיגר,15% הנחה ברשתות
ארמאני ג'ינס,15% הנחה ברשתות
סקצ'רס,15% הנחה ברשתות
אלדו,15% הנחה ברשתות
בוניטה דה מאס,15% הנחה ברשתות
ג'אמפ & עונות,15% הנחה ברשתות
שואו אוף,15% הנחה ברשתות
"נמרוד ייצור (1979) בע\מ """,15% הנחה ברשתות
יאנגה,15% הנחה ברשתות
תכשיק,15% הנחה ברשתות
אייס קיוב,15% הנחה ברשתות
פוט לוקר,15% הנחה ברשתות
בודי שופ,15% הנחה ברשתות
CK קלווין קליין ׁ,15% הנחה ברשתות
פקטורי 54,15% הנחה ברשתות
אמפוריו ארמני,15% הנחה ברשתות
סטיב מאדן ס.מ הפצה ישראל,15% הנחה ברשתות
שילב,15% הנחה ברשתות
אסיקס,15% הנחה ברשתות
פמינה,15% הנחה ברשתות
בוס,15% הנחה ברשתות
לי קופר קידס,15% הנחה ברשתות
לחייל ולטייל ,15% הנחה ברשתות
SBN אמפוריום ,15% הנחה ברשתות
נאוטיקה סקאל,15% הנחה ברשתות
ג'ק קובה ,15% הנחה ברשתות
ספידו,15% הנחה ברשתות
שוסטר ,15% הנחה ברשתות
לסטר,15% הנחה ברשתות
קולומביה,15% הנחה ברשתות
אאוטסיידרס,15% הנחה ברשתות
שבילים,15% הנחה ברשתות
אליסיום,15% הנחה ברשתות
מיננה,15% הנחה ברשתות
פטיט באטו,15% הנחה ברשתות
לקוסט,15% הנחה ברשתות
פומה ,15% הנחה ברשתות
מגה ספורט קידס,15% הנחה ברשתות
א.א אורטופדיה,15% הנחה ברשתות
גס,15% הנחה ברשתות
נאטורפיל,15% הנחה ברשתות
לבידו ,15% הנחה ברשתות
איל מקיאג,15% הנחה ברשתות
בייביסטאר,15% הנחה ברשתות
ג'י קונספט סטור,15% הנחה ברשתות
דונה קארן,15% הנחה ברשתות
סם אדלמן,15% הנחה ברשתות
"סאן גלאס ישראל בע\מ""",15% הנחה ברשתות
XRAY,15% הנחה ברשתות
רובי ביי,15% הנחה ברשתות
וורקר,15% הנחה ברשתות
ברוקס,15% הנחה ברשתות
עגליס,15% הנחה ברשתות
וילברקווין,15% הנחה ברשתות
קונברס,15% הנחה ברשתות
בי יוניק,15% הנחה ברשתות
ריפ קארל,15% הנחה ברשתות
אירוקה ביי סופר פארם,15% הנחה ברשתות
אהבה,15% הנחה ברשתות
אבידור המרכז הבריאותי לכף הרגל,15% הנחה ברשתות
אנדר ארמור,15% הנחה ברשתות
בירקנשטוק,15% הנחה ברשתות
פלטין מותגים,15% הנחה ברשתות
בוגארט,15% הנחה ברשתות
נאווה קולאז,15% הנחה ברשתות
אדידס ישראל,15% הנחה ברשתות
את לבני נשים,15% הנחה ברשתות
רשת פרופורציה,15% הנחה ברשתות
אונליין DISKISS ,15% הנחה ברשתות
ורדינון,15% הנחה ברשתות
סולתם ,15% הנחה ברשתות
המשביר לצרכן,15% הנחה ברשתות
הום סנטר,15% הנחה ברשתות
פוקס הום,15% הנחה ברשתות
שקם אלקטריק,15% הנחה ברשתות
נעמן,15% הנחה ברשתות
טויס אר אס,15% הנחה ברשתות
גולף אנד קו,15% הנחה ברשתות
כיתן,15% הנחה ברשתות
גוד נייט,15% הנחה ברשתות
עמינח,15% הנחה ברשתות
סטימצקי,15% הנחה ברשתות
צומת ספרים,15% הנחה ברשתות
זר פור יו,15% הנחה ברשתות
טרקלין חשמל ,15% הנחה ברשתות
מילניום מרקטינג ארקוסטיל קיצ'ן,15% הנחה ברשתות
BFL (פוד אפיל),15% הנחה ברשתות
קלאסיקה,15% הנחה ברשתות
ספייסז,15% הנחה ברשתות
"מכלול ברמן בקמפוס בע\מ """,15% הנחה ברשתות
ואהבת ,15% הנחה ברשתות
אמריקן קומפורט,15% הנחה ברשתות
הום סטייל,15% הנחה ברשתות
קרביץ,15% הנחה ברשתות
מוצצים,15% הנחה ברשתות
יולו,15% הנחה ברשתות
פליינג טייגר,15% הנחה ברשתות
ג'ונגל חיות מחמד ,15% הנחה ברשתות
לבן,15% הנחה ברשתות
נאוטיקה הום,15% הנחה ברשתות
דיל תאורה,15% הנחה ברשתות
צמר שטיחים יפים,15% הנחה ברשתות
ערד טקסטיל,15% הנחה ברשתות
המטבח,15% הנחה ברשתות
גל אור,15% הנחה ברשתות
ביגה כפר סבא,15% הנחה ברשתות
Villa Mare TLV מסעדת ,15% הנחה ברשתות
שפרה - מעדנייה מבית פועה,15% הנחה ברשתות
יוגורטה,15% הנחה ברשתות
freefit,15% הנחה ברשתות
ספורטר,15% הנחה ברשתות
קאנטרי 360,15% הנחה ברשתות
הולמס פלייס,15% הנחה ברשתות
רבו פיטנס ,15% הנחה ברשתות
מרכז ספורט מכבים,15% הנחה ברשתות
סטודיו אווה,15% הנחה ברשתות
אביטליטי,15% הנחה ברשתות
מרכז התזונה של מירי חדד,15% הנחה ברשתות
אורנג תיאורי,15% הנחה ברשתות
ארה פיטנס,15% הנחה ברשתות
אקסטרה ג'ים ,15% הנחה ברשתות
ML FITNESS,15% הנחה ברשתות
תבל פילאטיס,15% הנחה ברשתות
האקדמיה של פליקס,15% הנחה ברשתות
דרים ג'ים,15% הנחה ברשתות
כפר המכביה,15% הנחה ברשתות
רשת הקאנטרי,15% הנחה ברשתות
קיפצובה,15% הנחה ברשתות
מיני ישראל,15% הנחה ברשתות
היכל הקרח חולון,15% הנחה ברשתות
אקווה ספורט,15% הנחה ברשתות
ijump,15% הנחה ברשתות
שביל התפוזים,15% הנחה ברשתות
דרך העץ,15% הנחה ברשתות
אסקייפרום,15% הנחה ברשתות
חוף קיסוסקי,15% הנחה ברשתות
היכל הקרח באר שבע ,15% הנחה ברשתות
חמת גדר,15% הנחה ברשתות
גן גורו,15% הנחה ברשתות
לייזר סיטי גלילות,15% הנחה ברשתות
"אסקייפלנד בע\מ""",15% הנחה ברשתות
קייקי הגושרים,15% הנחה ברשתות
פארק המעיינות,15% הנחה ברשתות
רפטינג נהר הירדן,15% הנחה ברשתות
אקסטרים ספורט ימי,15% הנחה ברשתות
גל במדבר,15% הנחה ברשתות
חלום עולמי ,15% הנחה ברשתות
בר בהר,15% הנחה ברשתות
רשות הטבע והגנים,15% הנחה ברשתות
קייקי כפר בלום,15% הנחה ברשתות
סמארטור - סגווי ירושלים,15% הנחה ברשתות
2JUMP,15% הנחה ברשתות
ישראל טו גו,15% הנחה ברשתות
מטווח באנג,15% הנחה ברשתות
רייז אפ,15% הנחה ברשתות
מצנחי הים האדום,15% הנחה ברשתות
גלאקסיה ספינת זכוכית,15% הנחה ברשתות
טרק ים אכזיב,15% הנחה ברשתות
הצנחניה,15% הנחה ברשתות
GO JUMP,15% הנחה ברשתות
פארק תמנע,15% הנחה ברשתות
חי פארק קרית מוצקין,15% הנחה ברשתות
ישראל ים,15% הנחה ברשתות
קיר יואב,15% הנחה ברשתות
אקסטרים פארק אתגרי,15% הנחה ברשתות
די גייד,15% הנחה ברשתות
טייפון הרחפת ,15% הנחה ברשתות
מיי נינג'ה מודיעין,15% הנחה ברשתות
תיירות הרובע היהודי,15% הנחה ברשתות
פיק אפ סרף - עמותת אל הים,15% הנחה ברשתות
רואים את האופק בים ,15% הנחה ברשתות
Imracing,15% הנחה ברשתות
סייל אילת ,15% הנחה ברשתות
מיסטיק רום ,15% הנחה ברשתות
"כדור פורח ת\א""",15% הנחה ברשתות
רוג'ום מועדון טיפוס וטבע,15% הנחה ברשתות
play park פליי פארק חריש - לא פעיל ,15% הנחה ברשתות
play park פליי פארק רעננה - לא פעיל ,15% הנחה ברשתות
play park פליי פארק יבנה - לא פעיל,15% הנחה ברשתות
אגם מונפורט ,15% הנחה ברשתות
דביר מצנחי רחיפה ,15% הנחה ברשתות
אלכימיה סטודיו,15% הנחה ברשתות
אאוריקה עיצובים,15% הנחה ברשתות
Asim סימולטור ,15% הנחה ברשתות
ראלי ארט,15% הנחה ברשתות
הגן הבוטני אילת,15% הנחה ברשתות
דן קרטינג,15% הנחה ברשתות
טרקטורוני הצפון,15% הנחה ברשתות
סול טורס אילת,15% הנחה ברשתות
פאנקי מאנקי ראשון לציון ,15% הנחה ברשתות
פאנקי מאנקי כפר סבא ,15% הנחה ברשתות
פאנקי מאנקי זכרון יעקב ,15% הנחה ברשתות
פאנקי מאנקי אשקלון  ,15% הנחה ברשתות
פאנקי מאנקי כפר יונה  ,15% הנחה ברשתות
אומנות על הבר,15% הנחה ברשתות
הכוורת מרכז מבקרים,15% הנחה ברשתות
טרקטורוני דישון,15% הנחה ברשתות
תיירות יד מרדכי,15% הנחה ברשתות
אוראל אלבז - סטודיו פרדס רימונים,15% הנחה ברשתות
פול גיימס,15% הנחה ברשתות
מרכז קנדה,15% הנחה ברשתות
חוף חנניה,15% הנחה ברשתות
לייזר סטריט,15% הנחה ברשתות
פארק אתגרים אשדוד,15% הנחה ברשתות
בי תל אביב טורס,15% הנחה ברשתות
אקסטרים ים נהריה,15% הנחה ברשתות
אתגר בהר,15% הנחה ברשתות
משחקיית נוגילולה,15% הנחה ברשתות
מכוורת איילת השחר,15% הנחה ברשתות
PicCell,15% הנחה ברשתות
גלית ניניו,15% הנחה ברשתות
סאנשיין גרופ,15% הנחה ברשתות
אלנתן תכשיטים סדנת צורפות,15% הנחה ברשתות
שחמט ישראל,15% הנחה ברשתות
ילדי הפלא,15% הנחה ברשתות
Carmelx,15% הנחה ברשתות
בסנדלים,15% הנחה ברשתות
סקיי טרק ,15% הנחה ברשתות
טננה קורס ספרדית דיגיטלי,15% הנחה ברשתות
אקווה פאן אילת,15% הנחה ברשתות
יאכטה שונית אילת,15% הנחה ברשתות
אנליזה,15% הנחה ברשתות
ווי סרף ,15% הנחה ברשתות
משה סימן טוב שנות הקסם,15% הנחה ברשתות
סינמטק ירושלים,15% הנחה ברשתות
פיק אפ מומנט,15% הנחה ברשתות
קווסטליין,15% הנחה ברשתות
איזי ריידר TLV,15% הנחה ברשתות
סטאר קאר,15% הנחה ברשתות
ספורט ימי אילת - Watersport ,15% הנחה ברשתות
הזקן והיין,15% הנחה ברשתות
מטאור תצפית כוכבים,15% הנחה ברשתות
קאנטרי נוף הגליל,15% הנחה ברשתות
המתחם נוף הגליל,15% הנחה ברשתות
נינג'ה אקסטרים,15% הנחה ברשתות
D-TLV,15% הנחה ברשתות
Eilat desert tours,15% הנחה ברשתות
טיקטיק חבילות ספורט והופעות,15% הנחה ברשתות
MY FLY ISRAEL,15% הנחה ברשתות
באמפ קאר אילת,15% הנחה ברשתות
play game פליי גיים ,15% הנחה ברשתות
נינג'ה סטאר הוד השרון,15% הנחה ברשתות
יאכטה המפלט,15% הנחה ברשתות
נגרות בוטיק Ofek woodi ,15% הנחה ברשתות
דזרט פרו,15% הנחה ברשתות
חוות לב הטבע,15% הנחה ברשתות
מוטורמאניה,15% הנחה ברשתות
המפלט הזוגי ,15% הנחה ברשתות
"טריפי ב\ש""",15% הנחה ברשתות
גן החיות הלימודי חיפה ,15% הנחה ברשתות
גרין אקסטרים אילת,15% הנחה ברשתות
אסקייפ פלייס,15% הנחה ברשתות
רייזר קלאב על הנחל,15% הנחה ברשתות
בריכת קרית אונו,15% הנחה ברשתות
בבילון אונליין,15% הנחה ברשתות
ארטפוד,15% הנחה ברשתות
רווה קולינריה נוזלית,15% הנחה ברשתות
לייזר סיטי פתח תקווה,15% הנחה ברשתות
פרימה המלכים,15% הנחה ברשתות
פרימה רויאל,15% הנחה ברשתות
פרימה פאלאס,15% הנחה ברשתות
פרימה פארק,15% הנחה ברשתות
פרימה תל אביב,15% הנחה ברשתות
פרימה גליל,15% הנחה ברשתות
פרימה מיוזיק,15% הנחה ברשתות
פרימה סיטי,15% הנחה ברשתות
פרימה הוטל 75,15% הנחה ברשתות
פרימה דייויד טאוור,15% הנחה ברשתות
פרימה ורה,15% הנחה ברשתות
פרימה מנדלי,15% הנחה ברשתות
פרימה לינק,15% הנחה ברשתות
פרימה מילניום,15% הנחה ברשתות
פרימה ג'יקוב סמואל,15% הנחה ברשתות
פרימה אואזיס+ספא קלאב,15% הנחה ברשתות
מלון קסייה ,15% הנחה ברשתות
מלון נווה שלום,15% הנחה ברשתות
חמי געש,15% הנחה ברשתות
שרנא - דיימונד ספא,15% הנחה ברשתות
זאוס - דיימונד ספא,15% הנחה ברשתות
ספא בן עמי,15% הנחה ברשתות
ספא אסיינדה ביער,15% הנחה ברשתות
ספא לה ויטה ,15% הנחה ברשתות
מילה ספא,15% הנחה ברשתות
אמרלד ספא,15% הנחה ברשתות
ספא פנינה בכרמל ,15% הנחה ברשתות
ספא נקרות,15% הנחה ברשתות
הולמס פלייס ספא - עזריאלי,15% הנחה ברשתות
ספא ויה מאריס,15% הנחה ברשתות
פיזיום,15% הנחה ברשתות
הולמס פלייס ספא - מודיעין,15% הנחה ברשתות
הולמס פלייס ספא - רחובות,15% הנחה ברשתות
"הולמס פלייס ספא - ראשל\צ""",15% הנחה ברשתות
הולמס פלייס ספא - גרנד קניון,15% הנחה ברשתות
הולמס פלייס ספא - רעננה,15% הנחה ברשתות
הולמס פלייס ספא - גבעת שמואל,15% הנחה ברשתות
ספא אלוויט,15% הנחה ברשתות
ספא מלון אירופה ,15% הנחה ברשתות
 ספא מלון לאונרדו קלאב ים המלח ,15% הנחה ברשתות
 ספא מלון הרודס ים המלח ,15% הנחה ברשתות
ספא מלון לאונרדו פלאזה ים המלח ,15% הנחה ברשתות
צאנג מאי ספא,15% הנחה ברשתות
דרים ספא,15% הנחה ברשתות
ספא טומקו ג'פניס,15% הנחה ברשתות
ספא מלון לאונרדו ירושלים,15% הנחה ברשתות
ספא לגוף ולנשמה,15% הנחה ברשתות
ספא פלמינגו ,15% הנחה ברשתות
ספא מלון דן פנורמה ירושלים,15% הנחה ברשתות
ספא מלון דן אכדיה,15% הנחה ברשתות
The spa דיוויד אינטרקונטיננטל,15% הנחה ברשתות
JA SPA דן קיסריה ריזורט,15% הנחה ברשתות
ספא בוטיק גלי כינרת,15% הנחה ברשתות
ווסט אנד ספא מלון ווסט אשדוד,15% הנחה ברשתות
Okoa spa ספא מלון קמפינסקי,15% הנחה ברשתות
JA SPA דן אילת,15% הנחה ברשתות
JA SPA מלון דן פנורמה אילת,15% הנחה ברשתות
ספא מלון גולדן קראון נצרת,15% הנחה ברשתות
ספא מלון ניאה ,15% הנחה ברשתות
שר ספא יו קורל ביץ אילת,15% הנחה ברשתות
שר ספא הרודס הרצליה,15% הנחה ברשתות
"שר ספא הרודס ת\א""",15% הנחה ברשתות
"שר ספא לאונרדו ארט ת\א""",15% הנחה ברשתות
שר ספא ניקס הרצליה,15% הנחה ברשתות
שר ספא מג'יק גארדן נשר,15% הנחה ברשתות
שר ספא דיויד ים המלח  ,15% הנחה ברשתות
מנטרה ספא,15% הנחה ברשתות
ארמאנני ספא,15% הנחה ברשתות
ספא לאונרדו פלאזה ברניקי,15% הנחה ברשתות
דריה ספא מלון נבל דוד רמדה נתניה,15% הנחה ברשתות
ספא מלון דבורה רשת בראון,15% הנחה ברשתות
ספא לאונרדו קלאב טבריה ,15% הנחה ברשתות
ספא מלון לאונרדו פלאזה ירושלים,15% הנחה ברשתות
ספא מלון ורט לגון נתניה,15% הנחה ברשתות
ריביירה ספא,15% הנחה ברשתות
ספא מלון איילנד,15% הנחה ברשתות
ספא מוריה מלון פרימה רויאל ירושלים,15% הנחה ברשתות
ספא מלון חמת קיסר,15% הנחה ברשתות
אופולסקי ספא,15% הנחה ברשתות
וילה בוטיק  לאו ספא,15% הנחה ברשתות
דרים איילנד,15% הנחה ברשתות
ספא האלמנט החמישי מלון ורט ירושלים,15% הנחה ברשתות
ספא בראון ביץ' האוס,15% הנחה ברשתות
ספא מלון בובו,15% הנחה ברשתות
ספא מלון לייטהאוס,15% הנחה ברשתות
ספא מלון וילה בראון המושבה,15% הנחה ברשתות
ספא מלון וילה בראון ירושלים,15% הנחה ברשתות
ממילא JLM ספא ,15% הנחה ברשתות
ספא פיורינה מלון הגושרים,15% הנחה ברשתות
ספא וילה ויטראז,15% הנחה ברשתות
ספא מלון רוקסון אורבן,15% הנחה ברשתות
ספא ויה לומה מלון דן תל אביב,15% הנחה ברשתות
שר ספא מלון תמרה אשקלון,15% הנחה ברשתות
ספא יסמין מלון רמדה נצרת,15% הנחה ברשתות
הלו ספא - מלון סי לייף נהריה,15% הנחה ברשתות
גליה ברוך קוסמטיקה,15% הנחה ברשתות
ספא סינרגיה,15% הנחה ברשתות
ימה ספא ,15% הנחה ברשתות
קאלמה ספא,15% הנחה ברשתות
הבריאות שבפינוק,15% הנחה ברשתות
ספא מלון ברדיצ'בסקי,15% הנחה ברשתות
ספא הוריזון ,15% הנחה ברשתות
שיר קוסמטיקס,15% הנחה ברשתות
ספא סוליי אילת ,15% הנחה ברשתות
אייס גורו,15% הנחה ברשתות
ספא ספורטלי,15% הנחה ברשתות
אלמונד ספא,15% הנחה ברשתות
ביוטי טיים,15% הנחה ברשתות
ספא מלון יו בוטיק כנרת,15% הנחה ברשתות
ספא מלון מאייר,15% הנחה ברשתות
ספא מלון הרודס ויטאליס אילת,15% הנחה ברשתות
ספא אסמבלאז,15% הנחה ברשתות
דריה ספא מלון נבל דוד גליל ריזורט,15% הנחה ברשתות
ספא מלון בוטניקה,15% הנחה ברשתות
 דלל קוסמטיקס,15% הנחה ברשתות
FLOW ספא ,15% הנחה ברשתות
ספא בראון רד סי אילת,15% הנחה ברשתות
ספא בראון אילת ,15% הנחה ברשתות
אנג'ל ספא מלון קיסר,15% הנחה ברשתות
אנג'ל ספא מלון אמריקנה,15% הנחה ברשתות
ג'אסט בי,15% הנחה ברשתות
טיליה קליניק צפון,15% הנחה ברשתות
דרים פילאטיס,15% הנחה ברשתות
Dream Well,15% הנחה ברשתות
ספא דניאל רמת רחל,15% הנחה ברשתות
ספא מלון אלמא,15% הנחה ברשתות
אחוזת הספא רחובות,15% הנחה ברשתות
ספא מלון לאונרדו נגב באר שבע,15% הנחה ברשתות
ספא שייה,15% הנחה ברשתות
ספא קלרינס,15% הנחה ברשתות
ספא חוף הכרמל,15% הנחה ברשתות
ספא לוטוס מלון מעלה החמישה,15% הנחה ברשתות
ספא רויאל,15% הנחה ברשתות
ספא מיראבל פלאזה,15% הנחה ברשתות
מדיקל ספא סנטר,15% הנחה ברשתות
וי קי קליניק,15% הנחה ברשתות
איש הענבים,15% הנחה ברשתות
מבשלים חוויה ,15% הנחה ברשתות
יקב גוש עציון ,15% הנחה ברשתות
יקב דלתון ,15% הנחה ברשתות
יקב טוליפ,15% הנחה ברשתות
יקב בן נון,15% הנחה ברשתות
יקב ברקן ,15% הנחה ברשתות
יקב צובה,15% הנחה ברשתות
יקב יפו,15% הנחה ברשתות
בירה אלכסנדר,15% הנחה ברשתות
יקב הר אודם,15% הנחה ברשתות
יקב אלבר,15% הנחה ברשתות
YA - יקב יה ,15% הנחה ברשתות
מיקסטה קוקטייל,15% הנחה ברשתות
בועה סדנאות בירה ,15% הנחה ברשתות
מרכז קולינרי Razberry ,15% הנחה ברשתות
מזקקת טינקרס – Thinkers Distillery,15% הנחה ברשתות
אבן רם ליקרים,15% הנחה ברשתות
מועדון היין אונליין,15% הנחה ברשתות
ביר באזר אונליין,15% הנחה ברשתות
בטן מלאה,15% הנחה ברשתות
גבינות ברמות,15% הנחה ברשתות
יקב תבור,15% הנחה ברשתות
יקב שדות,15% הנחה ברשתות
שוקה סיורים קולינריים,15% הנחה ברשתות
NS חוויה קולינרית,15% הנחה ברשתות
סינמה סיטי,15% הנחה ברשתות
תיאטרון בית לסין,15% הנחה ברשתות
תיאטרון חיפה ,15% הנחה ברשתות
תיאטרון אספקלריא ,15% הנחה ברשתות
מרכז הבמה גני תקווה ,15% הנחה ברשתות
תיאטרון מוצקין ,15% הנחה ברשתות
התיאטרון שלנו ,15% הנחה ברשתות
היכל התרבות יבנה ,15% הנחה ברשתות
"התזמורת הסימפונית ראשל\צ""",15% הנחה ברשתות
היכל התרבות נס ציונה ,15% הנחה ברשתות
מדיטק חולון ,15% הנחה ברשתות
היכל התרבות ראשון לציון ,15% הנחה ברשתות
היכל אומנויות הבמה הרצליה ,15% הנחה ברשתות
היכל התרבות כרמיאל,15% הנחה ברשתות
הבימה,15% הנחה ברשתות
תיאטרון נדנדה ,15% הנחה ברשתות
סינמטק תל אביב,15% הנחה ברשתות
המשכן לאמנויות הבמה שוהם,15% הנחה ברשתות
משכן אומנויות הבמה אשדוד,15% הנחה ברשתות
היכל התרבות לוד,15% הנחה ברשתות
היכל התרבות נהריה,15% הנחה ברשתות
מרכז נא לגעת,15% הנחה ברשתות
היכל התרבות נתניה,15% הנחה ברשתות
ורדינון אמן הילדים,15% הנחה ברשתות
בליץ,15% הנחה ברשתות
הכרטיס,15% הנחה ברשתות
נופיקי,15% הנחה ברשתות
לירון האוירון ,15% הנחה ברשתות
"רוגבי השקעות בע\מ""",15% הנחה ברשתות
סינמטק ירושלים,15% הנחה ברשתות
הקאמרי,15% הנחה ברשתות
תיאטרון ירושלים,15% הנחה ברשתות
המרכז למוסיקה ירושלים,15% הנחה ברשתות
הזירה הבין תחומית,15% הנחה ברשתות
תיאטרון רמלה ,15% הנחה ברשתות
תיאטרון אורנה פורת,15% הנחה ברשתות
קאמל קומדי קלאב,15% הנחה ברשתות
מכללת ג'אסט מיוזיק,15% הנחה ברשתות
סינמטק חיפה,15% הנחה ברשתות
תיאטרון השחר,15% הנחה ברשתות
התזמורת הסימפונית חיפה ,15% הנחה ברשתות
תיאטרון ילדים לנצח,15% הנחה ברשתות
דיוות וג'נטלמנים,15% הנחה ברשתות
מלון ספרה,15% הנחה ברשתות
דומינוס פיצה אונליין,20% הנחה במסעדות
קפה גרג,20% הנחה במסעדות
קפה קפה,20% הנחה במסעדות
לחם ארז,20% הנחה במסעדות
קפה מנדרין,20% הנחה במסעדות
קפה נטו ,20% הנחה במסעדות
פיצה עגבנייה ,20% הנחה במסעדות
בטר בורגר ,20% הנחה במסעדות
איז קפה,20% הנחה במסעדות
איטלקיה בתחנה,20% הנחה במסעדות
אנרג'וסר,20% הנחה במסעדות
בית הפנקייק TLV,20% הנחה במסעדות
גורילה,20% הנחה במסעדות
הבוסתן,20% הנחה במסעדות
מועדון ארוחת הבוקר,20% הנחה במסעדות
מילקה קפה,20% הנחה במסעדות
נורי סושי בר,20% הנחה במסעדות
קזינו סן רמו מסעדה ,20% הנחה במסעדות
קפה פולה ,20% הנחה במסעדות
ריבר נודלס בר,20% הנחה במסעדות
רנה ביסטרו בר קפה  ,20% הנחה במסעדות
שטרודל,20% הנחה במסעדות
תופייני קונדיטוריה וקפה ,20% הנחה במסעדות
אביבים בייקרי,20% הנחה במסעדות
אייר קפה ,20% הנחה במסעדות
אצה סושי בר ,20% הנחה במסעדות
ג'ויה מסעדה איטלקית ,20% הנחה במסעדות
מאפה נאמן,20% הנחה במסעדות
באבא יאגה,20% הנחה במסעדות
בוצ'רי אחוזת הבשר,20% הנחה במסעדות
בוצ'רי דה ברילוצ'ה,20% הנחה במסעדות
ביגה רשת בתי קפה ,20% הנחה במסעדות
ברד אנד ברקפסט בית קפה,20% הנחה במסעדות
חוות התבלינים בגלבוע ,20% הנחה במסעדות
סינטה מסעדת בשרים,20% הנחה במסעדות
סקובר מסעדה ,20% הנחה במסעדות
קפה נמרוד - אגמון מרקט,20% הנחה במסעדות
מסעדת אווזי ,20% הנחה במסעדות
איטלקיה בפשפשים,20% הנחה במסעדות
גאפן גאפן,20% הנחה במסעדות
קפה נמרוד - נמל תל אביב,20% הנחה במסעדות
פאב 55 בירה אוכל ובירה,20% הנחה במסעדות
בלאק,20% הנחה במסעדות
אל קפה,20% הנחה במסעדות
דארנא עכו ,20% הנחה במסעדות
ווק אווי,20% הנחה במסעדות
נמסטה,20% הנחה במסעדות
סורה סושי,20% הנחה במסעדות
קפה לוגאנו,20% הנחה במסעדות
מיה ביץ,20% הנחה במסעדות
סמוראיו סושי בר עפולה,20% הנחה במסעדות
סיקרט בורגר ,20% הנחה במסעדות
קפה קפית,20% הנחה במסעדות
וארקדה,20% הנחה במסעדות
פטריקס מתחם האגם,20% הנחה במסעדות
פטריקס פתח תקווה   ,20% הנחה במסעדות
מקס ברנר,20% הנחה במסעדות
קקאו,20% הנחה במסעדות
Mike's Place,20% הנחה במסעדות
La Vaca Loca,20% הנחה במסעדות
אווז הזהב,20% הנחה במסעדות
שיפודי הכרם,20% הנחה במסעדות
גאטוס,20% הנחה במסעדות
פיאצה גרנדה,20% הנחה במסעדות
פרליטה,20% הנחה במסעדות
הצדף,20% הנחה במסעדות
R-11 מסעדת,20% הנחה במסעדות
בליקר בייקרי - באר יעקב,20% הנחה במסעדות
בורגר סטיישן,20% הנחה במסעדות
סדפה,20% הנחה במסעדות
ללוש בראסרי באר שבע,20% הנחה במסעדות
נגיסה עפולה,20% הנחה במסעדות
חצר עין כרם,20% הנחה במסעדות
גוסטינו,20% הנחה במסעדות
איטליאנו דלי קפה,20% הנחה במסעדות
לולה הכשרה על הים,20% הנחה במסעדות
פישנזון,20% הנחה במסעדות
קאזה דו ברזיל אילת ,20% הנחה במסעדות
קאסה דל פפה,20% הנחה במסעדות
סיאסטה קפה,20% הנחה במסעדות
נולה,20% הנחה במסעדות
נאפיס חולון,20% הנחה במסעדות
פלומינו,20% הנחה במסעדות
רוסטרס,20% הנחה במסעדות
"הודו הקטנה ב\ש""",20% הנחה במסעדות
מבשלת בירה הגיבור,20% הנחה במסעדות
גיגסי ספורט בר,20% הנחה במסעדות
איסקנדר,20% הנחה במסעדות
בליקר בייקרי - כפר סבא,20% הנחה במסעדות
בליקר בייקרי - רמת גן,20% הנחה במסעדות
בליקר בייקרי - רעננה,20% הנחה במסעדות
מסעדת גרסיה,20% הנחה במסעדות
קיקו פיצה,20% הנחה במסעדות
קאסה לונה אילת,20% הנחה במסעדות
קפה אופטימי אילת,20% הנחה במסעדות
אשכרה בשרים אילת,20% הנחה במסעדות
מרינה ביי,20% הנחה במסעדות
יומנגס,20% הנחה במסעדות
גסטה,20% הנחה במסעדות
בשורה ,20% הנחה במסעדות
טגלוס,20% הנחה במסעדות
מתאו,20% הנחה במסעדות
שוקו לולו,20% הנחה במסעדות
פינתי,20% הנחה במסעדות
דלימארק,20% הנחה במסעדות
אווז הזהב אקספרס,20% הנחה במסעדות
לוקנדה,20% הנחה במסעדות
באלי בורגר,20% הנחה במסעדות
פאב הדובים,20% הנחה במסעדות
מסעדת דוקא,20% הנחה במסעדות
הסושיה אילת,20% הנחה במסעדות
פיקולו אילת,20% הנחה במסעדות
קפטן הוק,20% הנחה במסעדות
דוניה רוסה,20% הנחה במסעדות
צ׳וצ׳ו פאטיו,20% הנחה במסעדות
ראנץ האוס ים המלח,20% הנחה במסעדות
מבשלת ליבריה,20% הנחה במסעדות
לימאני ביסטרו,20% הנחה במסעדות
אומינו סושי,20% הנחה במסעדות
מיט טיים,20% הנחה במסעדות
TLV ספרינקלס בייקרי ,20% הנחה במסעדות
אינדירה ,20% הנחה במסעדות
גנדי מסעדה ,20% הנחה במסעדות
Just Meat,20% הנחה במסעדות
פסאו ,20% הנחה במסעדות
שיפודים אקספרס,20% הנחה במסעדות
אילת Us crispy chicken ,20% הנחה במסעדות
לנדוור,20% הנחה במסעדות
סומאק,20% הנחה במסעדות
סמוראיו סושי בר חיפה,20% הנחה במסעדות
לה קרנה,20% הנחה במסעדות
נגיסה נתניה,20% הנחה במסעדות
מסעדת פלייגראונד,20% הנחה במסעדות
טל בורגר,20% הנחה במסעדות
סושי בוקס,20% הנחה במסעדות
החברים גריל ישראלי ,20% הנחה במסעדות
פיקה בייקרי,20% הנחה במסעדות
בורקס הבולגרי,20% הנחה במסעדות
בליקר בייקרי - קרית גת,20% הנחה במסעדות
 לצ'ה פטיסרי ,20% הנחה במסעדות
חמנייה ברודצקי 17,20% הנחה במסעדות
בוקה אחד העם,20% הנחה במסעדות
מכבי 40,20% הנחה במסעדות
Villa Mare TLV מסעדת ,20% הנחה במסעדות
פועה - קפה ומסעדה,20% הנחה במסעדות
אגאדיר,20% הנחה במסעדות
אסאדו במדבר,20% הנחה במסעדות
לאר דו פאן בייקרי,20% הנחה במסעדות
ברביס,20% הנחה במסעדות
Beezoo,20% הנחה במסעדות
לימונצ'לו,20% הנחה במסעדות
פיצה סטורי,20% הנחה במסעדות
קפה לוסיל,20% הנחה במסעדות
בלי קמח בייקרי,20% הנחה במסעדות
ביסטרו ישראלי Olive ,20% הנחה במסעדות
מלכה וציפי,20% הנחה במסעדות
סמיר ברמלה,20% הנחה במסעדות
פראטלי נתניה,20% הנחה במסעדות
בייקרי Patissereem,20% הנחה במסעדות
מייסון בורגר,20% הנחה במסעדות
נוקטורנו,20% הנחה במסעדות
שווארמה פלפלת המסעדה,20% הנחה במסעדות
מרכז הכרמל Wok Street ,20% הנחה במסעדות
רמבם Wok Street ,20% הנחה במסעדות
ג'ויה סושי גריל בר,20% הנחה במסעדות
ביסראבק,20% הנחה במסעדות
איל גוסטו חיפה  ,20% הנחה במסעדות
לוקו,20% הנחה במסעדות
Donna La Cucina,20% הנחה במסעדות
פיצה בוכמנס מודיעין,20% הנחה במסעדות
זוקו מגדלי לייף,20% הנחה במסעדות
קפטן בורגר,20% הנחה במסעדות
זוקו יגאל אלון ,20% הנחה במסעדות
Rendez Vous,20% הנחה במסעדות
יוגורטה,20% הנחה במסעדות
Burger Box,20% הנחה במסעדות
עלאש בית של בשר,20% הנחה במסעדות
אנטריקוטי,20% הנחה במסעדות
סושי בוקס מודיעין,20% הנחה במסעדות
דדה בר פלורנטין,20% הנחה במסעדות
אנטיליה  ,20% הנחה במסעדות
המשביר מסעדה ,20% הנחה במסעדות
"בוקריה פ\ת""",20% הנחה במסעדות
Flame TLV,20% הנחה במסעדות
"טומהוק ב\ש""",20% הנחה במסעדות
קאבלרו,20% הנחה במסעדות
למפור,20% הנחה במסעדות
Kitkat Fairytale Bakery,20% הנחה במסעדות
בטר בורגר קרית אונו,20% הנחה במסעדות
בבא אילת,20% הנחה במסעדות
סולו סושי,20% הנחה במסעדות
הודו הגדולה,20% הנחה במסעדות
קפה נוקי,20% הנחה במסעדות
מסעדת פאוזה,20% הנחה במסעדות
בורגרסבר,20% הנחה במסעדות
TLV פסיליטי ,20% הנחה במסעדות
לוטם דרעי בייקרי & ביסטרו שף,20% הנחה במסעדות
נגיסה לוד ,20% הנחה במסעדות
ביגה הקניון הגדול פתח תקווה ,20% הנחה במסעדות
פיצה סנטרל,20% הנחה במסעדות
מלון ספרה,20% הנחה במסעדות